Date,Open,High,Low,Close,Adj Close,Volume
2016-09-23,5327.43,5329.71,5301.63,5305.75,5305.75,1761330000.0
2016-09-26,5275.73,5282.27,5254.96,5257.49,5257.49,1669520000.0
2016-09-27,5254.18,5306.81,5251.32,5305.71,5305.71,1751060000.0
2016-09-28,5312.73,5320.62,5284.84,5318.55,5318.55,1785470000.0
2016-09-29,5311.31,5317.0,5254.52,5269.15,5269.15,1941170000.0
2016-09-30,5288.87,5325.88,5277.88,5312.0,5312.0,2059800000.0
2016-10-03,5300.29,5308.6,5281.95,5300.87,5300.87,1604060000.0
2016-10-04,5313.49,5323.6,5271.7,5289.66,5289.66,1708990000.0
2016-10-05,5305.28,5330.81,5304.06,5316.02,5316.02,1753340000.0
2016-10-06,5306.59,5315.73,5281.47,5306.85,5306.85,1654020000.0
2016-10-07,5314.92,5315.65,5266.8,5292.4,5292.4,1646650000.0
2016-10-10,5318.46,5340.52,5317.73,5328.67,5328.67,1364150000.0
2016-10-11,5321.82,5321.82,5227.43,5246.79,5246.79,1821680000.0
2016-10-12,5247.91,5257.18,5228.77,5239.02,5239.02,1565940000.0
2016-10-13,5200.3,5228.26,5169.76,5213.33,5213.33,1735310000.0
2016-10-14,5241.26,5258.88,5213.37,5214.16,5214.16,1594480000.0
2016-10-17,5213.69,5219.98,5196.03,5199.82,5199.82,1424270000.0
2016-10-18,5255.32,5264.27,5239.44,5243.84,5243.84,1474430000.0
2016-10-19,5240.33,5253.83,5234.25,5246.41,5246.41,1546960000.0
2016-10-20,5238.2,5252.1,5216.05,5241.83,5241.83,1741820000.0
2016-10-21,5238.65,5259.13,5225.76,5257.4,5257.4,1649470000.0
2016-10-24,5290.31,5311.5,5289.23,5309.83,5309.83,1531970000.0
2016-10-25,5306.47,5310.27,5278.57,5283.4,5283.4,1579490000.0
2016-10-26,5256.4,5280.85,5237.05,5250.27,5250.27,1725900000.0
2016-10-27,5272.19,5274.12,5211.75,5215.97,5215.97,1918690000.0
2016-10-28,5203.7,5232.35,5178.76,5190.1,5190.1,1895970000.0
2016-10-31,5205.09,5206.71,5186.56,5189.14,5189.14,1707260000.0
2016-11-01,5199.77,5201.13,5112.32,5153.58,5153.58,1878650000.0
2016-11-02,5147.28,5156.7,5097.56,5105.57,5105.57,2105870000.0
2016-11-03,5104.7,5115.06,5053.52,5058.41,5058.41,2107720000.0
2016-11-04,5034.41,5087.51,5034.41,5046.37,5046.37,2015130000.0
2016-11-07,5128.99,5169.41,5122.77,5166.17,5166.17,1914310000.0
2016-11-08,5154.99,5214.17,5145.3,5193.49,5193.49,1736100000.0
2016-11-09,5143.86,5258.99,5143.86,5251.07,5251.07,2824560000.0
2016-11-10,5283.48,5302.68,5145.32,5208.8,5208.8,2984360000.0
2016-11-11,5191.82,5241.08,5179.64,5237.11,5237.11,2285050000.0
2016-11-14,5246.33,5247.17,5192.05,5218.4,5218.4,2369190000.0
2016-11-15,5241.35,5287.06,5236.25,5275.62,5275.62,2156500000.0
2016-11-16,5253.74,5299.63,5251.88,5294.58,5294.58,2057140000.0
2016-11-17,5295.07,5334.05,5288.16,5333.97,5333.97,2081760000.0
2016-11-18,5340.97,5346.8,5315.53,5321.51,5321.51,1858610000.0
2016-11-21,5336.78,5369.83,5334.16,5368.86,5368.86,1745320000.0
2016-11-22,5384.75,5392.26,5365.6,5386.35,5386.35,1886800000.0
2016-11-23,5366.55,5380.68,5350.68,5380.68,5380.68,1616740000.0
2016-11-25,5388.49,5398.92,5379.28,5398.92,5398.92,768070000.0
2016-11-28,5387.92,5396.27,5364.91,5368.81,5368.81,1625620000.0
2016-11-29,5370.98,5403.86,5360.56,5379.92,5379.92,1788790000.0
2016-11-30,5391.35,5393.15,5323.68,5323.68,5323.68,2064430000.0
2016-12-01,5323.88,5326.34,5238.21,5251.11,5251.11,2264960000.0
2016-12-02,5249.02,5274.54,5239.27,5255.65,5255.65,1848930000.0
2016-12-05,5283.58,5321.09,5269.57,5308.89,5308.89,1798160000.0
2016-12-06,5317.74,5333.99,5299.94,5333.0,5333.0,1974850000.0
2016-12-07,5322.67,5397.93,5307.31,5393.76,5393.76,2122590000.0
2016-12-08,5394.15,5425.52,5389.1,5417.36,5417.36,2231070000.0
2016-12-09,5436.11,5450.16,5427.12,5444.5,5444.5,2038700000.0
2016-12-12,5428.22,5434.9,5394.42,5412.54,5412.54,1927560000.0
2016-12-13,5433.57,5486.75,5430.72,5463.83,5463.83,2085710000.0
2016-12-14,5465.69,5476.25,5425.73,5436.67,5436.67,1974150000.0
2016-12-15,5443.51,5485.12,5439.39,5456.85,5456.85,2095910000.0
2016-12-16,5467.82,5474.58,5426.01,5437.16,5437.16,3257750000.0
2016-12-19,5441.2,5483.42,5436.54,5457.44,5457.44,1685800000.0
2016-12-20,5473.53,5489.47,5471.71,5483.94,5483.94,1678040000.0
2016-12-21,5482.63,5486.26,5465.31,5471.43,5471.43,1493900000.0
2016-12-22,5472.01,5472.01,5432.77,5447.42,5447.42,1582600000.0
2016-12-23,5441.76,5462.69,5441.76,5462.69,5462.69,1144280000.0
2016-12-27,5470.76,5512.37,5469.61,5487.44,5487.44,1216870000.0
2016-12-28,5497.44,5498.91,5434.7,5438.56,5438.56,1322130000.0
2016-12-29,5437.51,5450.63,5415.18,5432.09,5432.09,1264480000.0
2016-12-30,5440.17,5441.9,5371.89,5383.12,5383.12,1550820000.0
2017-01-03,5425.62,5452.57,5397.99,5429.08,5429.08,1886200000.0
2017-01-04,5440.91,5482.35,5440.24,5477.0,5477.0,1883360000.0
2017-01-05,5474.39,5495.85,5464.36,5487.94,5487.94,1792610000.0
2017-01-06,5499.08,5536.52,5482.81,5521.06,5521.06,1710770000.0
2017-01-09,5527.58,5541.08,5517.14,5531.82,5531.82,1885500000.0
2017-01-10,5536.54,5564.25,5528.11,5551.82,5551.82,1796500000.0
2017-01-11,5550.72,5564.08,5524.03,5563.65,5563.65,1954720000.0
2017-01-12,5542.56,5550.67,5496.82,5547.49,5547.49,1801750000.0
2017-01-13,5557.57,5584.26,5557.2,5574.12,5574.12,1605110000.0
2017-01-17,5555.16,5557.05,5527.22,5538.73,5538.73,1757030000.0
2017-01-18,5546.94,5555.98,5534.77,5555.65,5555.65,1683320000.0
2017-01-19,5560.61,5571.53,5528.37,5540.08,5540.08,1805710000.0
2017-01-20,5556.87,5574.35,5542.23,5555.33,5555.33,1740320000.0
2017-01-23,5546.64,5564.14,5522.69,5552.94,5552.94,1650290000.0
2017-01-24,5568.27,5606.53,5558.49,5600.96,5600.96,1805370000.0
2017-01-25,5635.86,5658.59,5634.33,5656.34,5656.34,1959950000.0
2017-01-26,5666.28,5669.61,5647.65,5655.18,5655.18,1827490000.0
2017-01-27,5664.88,5667.45,5643.9,5660.78,5660.78,1663400000.0
2017-01-30,5635.86,5636.09,5578.76,5613.71,5613.71,1777090000.0
2017-01-31,5592.87,5615.15,5576.09,5614.79,5614.79,2041480000.0
2017-02-01,5654.51,5662.11,5621.03,5642.65,5642.65,2223560000.0
2017-02-02,5627.15,5656.01,5616.4,5636.2,5636.2,2073980000.0
2017-02-03,5650.73,5666.84,5647.58,5666.77,5666.77,1786860000.0
2017-02-06,5656.95,5668.2,5650.26,5663.55,5663.55,1732280000.0
2017-02-07,5674.86,5689.6,5664.82,5674.22,5674.22,1919100000.0
2017-02-08,5662.95,5686.96,5649.39,5682.45,5682.45,1945060000.0
2017-02-09,5688.02,5722.71,5685.15,5715.18,5715.18,1943840000.0
2017-02-10,5726.17,5743.43,5717.42,5734.13,5734.13,1852010000.0
2017-02-13,5753.19,5770.99,5751.92,5763.96,5763.96,1840010000.0
2017-02-14,5756.51,5783.09,5748.74,5782.57,5782.57,1945160000.0
2017-02-15,5777.9,5821.95,5776.7,5819.44,5819.44,2083660000.0
2017-02-16,5823.01,5835.15,5796.71,5814.9,5814.9,1943600000.0
2017-02-17,5807.31,5838.58,5800.8,5838.58,5838.58,1875580000.0
2017-02-21,5850.2,5867.89,5847.5,5865.95,5865.95,1935110000.0
2017-02-22,5857.56,5864.42,5848.28,5860.63,5860.63,1872330000.0
2017-02-23,5866.82,5866.96,5809.55,5835.51,5835.51,1879670000.0
2017-02-24,5802.33,5845.31,5800.55,5845.31,5845.31,1683280000.0
2017-02-27,5835.04,5861.9,5827.0,5861.9,5861.9,1876090000.0
2017-02-28,5852.79,5855.07,5817.22,5825.44,5825.44,2298380000.0
2017-03-01,5874.86,5911.79,5865.79,5904.03,5904.03,2210360000.0
2017-03-02,5897.01,5897.01,5856.3,5861.22,5861.22,2040770000.0
2017-03-03,5854.27,5870.75,5841.47,5870.75,5870.75,1852130000.0
2017-03-06,5846.42,5857.74,5827.46,5849.18,5849.18,1767840000.0
2017-03-07,5836.12,5859.77,5826.32,5833.93,5833.93,1822000000.0
2017-03-08,5838.44,5860.63,5832.63,5837.55,5837.55,1810480000.0
2017-03-09,5834.67,5852.54,5812.08,5838.81,5838.81,1883930000.0
2017-03-10,5867.16,5872.6,5835.44,5861.73,5861.73,1982150000.0
2017-03-13,5863.48,5877.43,5860.83,5875.78,5875.78,1799340000.0
2017-03-14,5860.07,5860.5,5831.88,5856.82,5856.82,1663170000.0
2017-03-15,5869.98,5911.2,5858.16,5900.05,5900.05,1952690000.0
2017-03-16,5907.86,5911.48,5887.24,5900.76,5900.76,1766980000.0
2017-03-17,5898.58,5912.61,5890.42,5901.0,5901.0,3184130000.0
2017-03-20,5898.81,5915.12,5888.12,5901.53,5901.53,1730550000.0
2017-03-21,5923.42,5928.06,5790.73,5793.83,5793.83,2192090000.0
2017-03-22,5790.59,5825.67,5781.8,5821.64,5821.64,1857680000.0
2017-03-23,5812.31,5842.82,5806.98,5817.69,5817.69,1742640000.0
2017-03-24,5839.33,5858.95,5807.83,5828.74,5828.74,1841920000.0
2017-03-27,5776.33,5849.2,5769.39,5840.37,5840.37,1670760000.0
2017-03-28,5836.5,5888.7,5828.86,5875.14,5875.14,1820860000.0
2017-03-29,5875.35,5900.87,5870.93,5897.55,5897.55,1718680000.0
2017-03-30,5896.15,5916.77,5894.0,5914.34,5914.34,1723770000.0
2017-03-31,5905.63,5927.81,5901.77,5911.74,5911.74,1902800000.0
2017-04-03,5917.32,5928.93,5867.73,5894.68,5894.68,1854200000.0
2017-04-04,5878.76,5901.39,5878.76,5898.61,5898.61,1790840000.0
2017-04-05,5911.92,5936.39,5856.26,5864.48,5864.48,2204490000.0
2017-04-06,5870.52,5889.58,5856.22,5878.95,5878.95,1845800000.0
2017-04-07,5873.94,5892.07,5855.51,5877.81,5877.81,1692150000.0
2017-04-10,5883.43,5907.85,5865.56,5880.93,5880.93,1630070000.0
2017-04-11,5871.16,5878.94,5819.29,5866.77,5866.77,1821650000.0
2017-04-12,5863.59,5868.09,5830.44,5836.16,5836.16,1658960000.0
2017-04-13,5828.37,5856.54,5805.15,5805.15,5805.15,1581870000.0
2017-04-17,5821.55,5856.79,5818.2,5856.79,5856.79,1381290000.0
2017-04-18,5838.59,5860.04,5828.57,5849.47,5849.47,1608870000.0
2017-04-19,5874.43,5894.68,5856.34,5863.03,5863.03,1752620000.0
2017-04-20,5887.87,5926.23,5880.2,5916.78,5916.78,1749110000.0
2017-04-21,5919.02,5919.23,5899.43,5910.52,5910.52,1723210000.0
2017-04-24,5979.96,5989.92,5970.25,5983.82,5983.82,1836570000.0
2017-04-25,6004.16,6036.02,6002.65,6025.49,6025.49,1895430000.0
2017-04-26,6028.12,6040.89,6021.72,6025.23,6025.23,1894210000.0
2017-04-27,6038.47,6050.7,6031.59,6048.94,6048.94,1876700000.0
2017-04-28,6072.87,6074.04,6040.71,6047.61,6047.61,1995160000.0
2017-05-01,6067.56,6100.73,6061.35,6091.6,6091.6,1757000000.0
2017-05-02,6102.51,6102.72,6081.56,6095.37,6095.37,2146730000.0
2017-05-03,6075.04,6076.96,6053.28,6072.55,6072.55,2149360000.0
2017-05-04,6075.06,6080.82,6054.33,6075.34,6075.34,2056270000.0
2017-05-05,6091.69,6100.76,6067.16,6100.76,6100.76,1899570000.0
2017-05-08,6100.66,6106.12,6083.06,6102.66,6102.66,1909710000.0
2017-05-09,6111.82,6133.0,6107.59,6120.59,6120.59,1997490000.0
2017-05-10,6121.64,6131.64,6103.87,6129.14,6129.14,2108000000.0
2017-05-11,6110.05,6120.2,6075.68,6115.96,6115.96,1950910000.0
2017-05-12,6119.27,6122.84,6105.42,6121.23,6121.23,1740960000.0
2017-05-15,6128.11,6153.04,6124.79,6149.67,6149.67,1850790000.0
2017-05-16,6160.52,6170.16,6139.1,6169.87,6169.87,1999330000.0
2017-05-17,6108.62,6122.87,6009.48,6011.24,6011.24,2347480000.0
2017-05-18,5998.46,6073.45,5996.81,6055.13,6055.13,2131520000.0
2017-05-19,6070.23,6106.55,6070.23,6083.7,6083.7,1905520000.0
2017-05-22,6098.25,6135.92,6097.24,6133.62,6133.62,1726230000.0
2017-05-23,6149.55,6150.91,6121.79,6138.71,6138.71,1705860000.0
2017-05-24,6154.18,6166.09,6139.33,6163.02,6163.02,1666050000.0
2017-05-25,6183.02,6217.34,6174.52,6205.26,6205.26,1767690000.0
2017-05-26,6207.04,6211.52,6196.66,6210.19,6210.19,1571040000.0
2017-05-30,6204.18,6217.13,6200.41,6203.19,6203.19,1688480000.0
2017-05-31,6221.63,6221.99,6164.07,6198.52,6198.52,2209400000.0
2017-06-01,6215.91,6247.07,6200.45,6246.83,6246.83,1943610000.0
2017-06-02,6261.59,6308.76,6253.77,6305.8,6305.8,1820000000.0
2017-06-05,6305.47,6310.62,6292.15,6295.68,6295.68,1739820000.0
2017-06-06,6281.88,6304.21,6269.87,6275.06,6275.06,1889690000.0
2017-06-07,6290.44,6302.78,6267.18,6297.38,6297.38,1822270000.0
2017-06-08,6311.73,6324.06,6282.93,6321.76,6321.76,2128780000.0
2017-06-09,6330.25,6341.7,6137.68,6207.92,6207.92,3152050000.0
2017-06-12,6153.56,6183.81,6110.67,6175.46,6175.46,2586540000.0
2017-06-13,6206.12,6226.41,6180.04,6220.37,6220.37,2062110000.0
2017-06-14,6237.46,6237.53,6153.55,6194.89,6194.89,1940440000.0
2017-06-15,6127.05,6170.15,6107.85,6165.5,6165.5,1858130000.0
2017-06-16,6154.28,6161.56,6125.5,6151.76,6151.76,3120640000.0
2017-06-19,6196.85,6243.31,6194.0,6239.01,6239.01,1976970000.0
2017-06-20,6229.62,6234.01,6186.94,6188.03,6188.03,2570130000.0
2017-06-21,6202.75,6236.66,6200.86,6233.95,6233.95,2401440000.0
2017-06-22,6239.15,6257.68,6221.96,6236.69,6236.69,2170250000.0
2017-06-23,6234.35,6269.37,6218.78,6265.25,6265.25,2704600000.0
2017-06-26,6292.73,6303.45,6233.43,6247.15,6247.15,2150630000.0
2017-06-27,6227.9,6234.32,6146.62,6146.62,6146.62,2181830000.0
2017-06-28,6173.1,6238.29,6144.8,6234.41,6234.41,2069400000.0
2017-06-29,6215.49,6216.6,6087.81,6144.35,6144.35,2402250000.0
2017-06-30,6166.84,6170.63,6129.04,6140.42,6140.42,1998330000.0
2017-07-03,6173.29,6177.36,6106.12,6110.06,6110.06,1099560000.0
2017-07-05,6122.06,6163.62,6100.42,6150.86,6150.86,1872130000.0
2017-07-06,6109.6,6127.98,6081.96,6089.46,6089.46,1990590000.0
2017-07-07,6111.21,6164.94,6111.21,6153.08,6153.08,1700630000.0
2017-07-10,6156.03,6191.27,6141.83,6176.39,6176.39,1675470000.0
2017-07-11,6171.25,6200.58,6149.87,6193.3,6193.3,1808110000.0
2017-07-12,6238.9,6265.64,6236.82,6261.17,6261.17,1820550000.0
2017-07-13,6269.1,6281.45,6251.26,6274.44,6274.44,1803810000.0
2017-07-14,6289.08,6321.76,6278.7,6312.47,6312.47,1608120000.0
2017-07-17,6320.35,6330.97,6307.34,6314.43,6314.43,1558030000.0
2017-07-18,6304.82,6344.55,6291.07,6344.31,6344.31,1762400000.0
2017-07-19,6363.24,6387.73,6362.19,6385.04,6385.04,1862910000.0
2017-07-20,6396.46,6398.26,6365.68,6390.0,6390.0,1818880000.0
2017-07-21,6383.05,6388.78,6365.12,6387.75,6387.75,1797100000.0
2017-07-24,6387.82,6417.7,6380.61,6410.81,6410.81,1735520000.0
2017-07-25,6407.59,6425.45,6396.87,6412.17,6412.17,1925230000.0
2017-07-26,6425.93,6432.38,6416.3,6422.75,6422.75,1988040000.0
2017-07-27,6459.76,6460.84,6318.62,6382.19,6382.19,2483560000.0
2017-07-28,6350.27,6379.7,6337.22,6374.68,6374.68,1860770000.0
2017-07-31,6394.69,6396.59,6338.79,6348.12,6348.12,1891710000.0
2017-08-01,6372.16,6375.75,6345.75,6362.94,6362.94,1812590000.0
2017-08-02,6393.1,6394.21,6313.43,6362.65,6362.65,2104130000.0
2017-08-03,6366.24,6368.53,6331.14,6340.34,6340.34,2113440000.0
2017-08-04,6350.79,6361.49,6329.73,6351.56,6351.56,1907170000.0
2017-08-07,6361.06,6386.03,6356.23,6383.77,6383.77,1701550000.0
2017-08-08,6373.33,6423.35,6355.88,6370.46,6370.46,1914670000.0
2017-08-09,6322.92,6355.04,6309.44,6352.33,6352.33,2033760000.0
2017-08-10,6312.65,6318.28,6214.41,6216.87,6216.87,2204700000.0
2017-08-11,6222.18,6266.89,6216.19,6256.56,6256.56,1794850000.0
2017-08-14,6306.11,6346.83,6305.55,6340.23,6340.23,1698560000.0
2017-08-15,6350.51,6350.74,6324.75,6333.01,6333.01,1580060000.0
2017-08-16,6348.11,6374.56,6330.27,6345.11,6345.11,1804730000.0
2017-08-17,6322.72,6334.23,6221.91,6221.91,6221.91,2041220000.0
2017-08-18,6222.46,6254.22,6193.38,6216.53,6216.53,1964590000.0
2017-08-21,6216.32,6226.93,6177.19,6213.13,6213.13,1576070000.0
2017-08-22,6241.21,6302.84,6241.21,6297.48,6297.48,1597700000.0
2017-08-23,6263.47,6291.3,6263.29,6278.41,6278.41,1533220000.0
2017-08-24,6294.82,6302.85,6244.57,6271.33,6271.33,1616780000.0
2017-08-25,6293.81,6308.72,6257.1,6265.64,6265.64,1442900000.0
2017-08-28,6286.01,6292.26,6267.85,6283.02,6283.02,1558690000.0
2017-08-29,6228.9,6311.26,6228.73,6301.89,6301.89,1637640000.0
2017-08-30,6308.68,6374.47,6303.57,6368.31,6368.31,1712070000.0
2017-08-31,6385.8,6435.27,6383.58,6428.66,6428.66,1885710000.0
2017-09-01,6442.17,6449.65,6417.87,6435.33,6435.33,1488040000.0
2017-09-05,6414.82,6426.51,6334.59,6375.57,6375.57,1886950000.0
2017-09-06,6394.35,6407.4,6356.2,6393.31,6393.31,1906030000.0
2017-09-07,6402.94,6413.07,6379.81,6397.87,6397.87,1998380000.0
2017-09-08,6389.65,6391.41,6354.96,6360.19,6360.19,1785560000.0
2017-09-11,6411.18,6439.11,6410.71,6432.26,6432.26,1819300000.0
2017-09-12,6448.81,6455.03,6429.54,6454.28,6454.28,1745090000.0
2017-09-13,6440.72,6460.42,6433.2,6460.19,6460.19,1942090000.0
2017-09-14,6439.46,6455.32,6424.04,6429.08,6429.08,1809170000.0
2017-09-15,6426.16,6464.27,6419.65,6448.47,6448.47,2821110000.0
2017-09-18,6460.1,6477.77,6438.41,6454.64,6454.64,1874440000.0
2017-09-19,6465.57,6467.79,6446.75,6461.32,6461.32,1809710000.0
2017-09-20,6459.74,6466.05,6414.23,6456.04,6456.04,2052520000.0
2017-09-21,6448.57,6448.57,6405.3,6422.69,6422.69,1772790000.0
2017-09-22,6401.44,6429.54,6400.81,6426.92,6426.92,1639100000.0
2017-09-25,6403.11,6408.05,6343.96,6370.59,6370.59,2050410000.0
2017-09-26,6391.85,6405.0,6364.57,6380.16,6380.16,1926420000.0
2017-09-27,6414.37,6472.65,6405.36,6453.26,6453.26,2053720000.0
2017-09-28,6437.96,6456.23,6427.66,6453.45,6453.45,1828570000.0
2017-09-29,6461.28,6497.98,6454.86,6495.96,6495.96,1967720000.0
2017-10-02,6506.08,6527.22,6484.14,6516.72,6516.72,1977030000.0
2017-10-03,6523.74,6532.18,6509.71,6531.71,6531.71,1969320000.0
2017-10-04,6521.96,6546.46,6513.12,6534.63,6534.63,1938440000.0
2017-10-05,6552.87,6587.21,6547.65,6585.36,6585.36,1875670000.0
2017-10-06,6566.95,6590.18,6566.84,6590.18,6590.18,1742470000.0
2017-10-09,6597.37,6599.34,6572.44,6579.73,6579.73,1490620000.0
2017-10-10,6602.49,6608.3,6561.78,6587.25,6587.25,1799400000.0
2017-10-11,6586.73,6604.21,6577.99,6603.55,6603.55,1830360000.0
2017-10-12,6594.76,6613.5,6586.32,6591.51,6591.51,2000470000.0
2017-10-13,6613.21,6616.58,6602.2,6605.8,6605.8,1756150000.0
2017-10-16,6622.55,6632.5,6607.03,6624.0,6624.0,1629480000.0
2017-10-17,6621.42,6628.6,6613.21,6623.66,6623.66,1647240000.0
2017-10-18,6634.26,6635.52,6613.55,6624.22,6624.22,1734030000.0
2017-10-19,6583.7,6605.29,6558.53,6605.07,6605.07,1823860000.0
2017-10-20,6633.37,6640.03,6622.92,6629.05,6629.05,1794810000.0
2017-10-23,6641.57,6641.57,6581.15,6586.83,6586.83,1809320000.0
2017-10-24,6598.61,6611.9,6582.06,6598.43,6598.43,1842640000.0
2017-10-25,6587.22,6600.64,6517.93,6563.89,6563.89,2190720000.0
2017-10-26,6567.59,6582.76,6550.03,6556.77,6556.77,2108210000.0
2017-10-27,6635.03,6708.13,6625.78,6701.26,6701.26,2403600000.0
2017-10-30,6693.77,6727.39,6677.15,6698.96,6698.96,2013640000.0
2017-10-31,6713.71,6737.75,6705.79,6727.67,6727.67,2043890000.0
2017-11-01,6758.64,6759.66,6691.48,6716.53,6716.53,2056860000.0
2017-11-02,6709.39,6719.97,6677.55,6714.94,6714.94,2262940000.0
2017-11-03,6737.09,6765.14,6712.93,6764.44,6764.44,2195010000.0
2017-11-06,6763.3,6790.67,6763.17,6786.44,6786.44,2166470000.0
2017-11-07,6785.44,6795.52,6750.35,6767.78,6767.78,2205270000.0
2017-11-08,6764.85,6791.65,6753.34,6789.12,6789.12,2110990000.0
2017-11-09,6737.45,6758.93,6687.28,6750.05,6750.05,2235180000.0
2017-11-10,6736.39,6757.34,6727.35,6750.94,6750.94,1973970000.0
2017-11-13,6727.39,6766.3,6723.43,6757.6,6757.6,1973790000.0
2017-11-14,6733.87,6743.63,6709.27,6737.87,6737.87,1983830000.0
2017-11-15,6700.68,6725.32,6667.31,6706.21,6706.21,1908660000.0
2017-11-16,6742.34,6806.67,6742.34,6793.29,6793.29,2002920000.0
2017-11-17,6794.45,6797.75,6777.43,6782.79,6782.79,1988090000.0
2017-11-20,6789.28,6795.83,6779.49,6790.71,6790.71,1800880000.0
2017-11-21,6820.55,6862.66,6820.02,6862.48,6862.48,1883550000.0
2017-11-22,6869.53,6874.52,6859.28,6867.36,6867.36,1588200000.0
2017-11-24,6878.11,6890.02,6873.74,6889.16,6889.16,848520000.0
2017-11-27,6889.91,6897.43,6867.89,6878.52,6878.52,1773400000.0
2017-11-28,6893.72,6914.19,6866.21,6912.36,6912.36,2000410000.0
2017-11-29,6907.28,6908.33,6793.95,6824.39,6824.39,2452860000.0
2017-11-30,6852.8,6888.65,6838.48,6873.97,6873.97,2458580000.0
2017-12-01,6844.04,6872.17,6737.16,6847.59,6847.59,2293570000.0
2017-12-04,6897.13,6899.23,6770.69,6775.37,6775.37,2426570000.0
2017-12-05,6759.14,6836.45,6752.32,6762.21,6762.21,2083540000.0
2017-12-06,6742.07,6787.42,6734.13,6776.38,6776.38,1891850000.0
2017-12-07,6785.74,6829.29,6778.2,6812.84,6812.84,1934120000.0
2017-12-08,6859.95,6870.48,6831.61,6840.08,6840.08,1806040000.0
2017-12-11,6847.64,6879.8,6844.88,6875.08,6875.08,1818970000.0
2017-12-12,6872.71,6884.8,6856.3,6862.32,6862.32,1861560000.0
2017-12-13,6880.41,6897.62,6871.87,6875.8,6875.8,1919560000.0
2017-12-14,6887.38,6901.13,6851.63,6856.53,6856.53,1985200000.0
2017-12-15,6871.55,6945.82,6871.45,6936.58,6936.58,3510420000.0
2017-12-18,6980.4,7003.89,6975.54,6994.76,6994.76,2144360000.0
2017-12-19,6991.25,6995.88,6951.49,6963.85,6963.85,2071060000.0
2017-12-20,6991.25,6991.25,6935.42,6960.96,6960.96,1874550000.0
2017-12-21,6972.88,6992.63,6961.21,6965.36,6965.36,1815620000.0
2017-12-22,6958.02,6962.26,6944.45,6959.96,6959.96,1539250000.0
2017-12-26,6928.92,6942.14,6915.56,6936.25,6936.25,1304340000.0
2017-12-27,6941.45,6955.38,6931.34,6939.34,6939.34,1409540000.0
2017-12-28,6953.38,6954.8,6936.75,6950.16,6950.16,1311320000.0
2017-12-29,6952.61,6954.98,6903.39,6903.39,6903.39,1571730000.0
2018-01-02,6937.65,7006.91,6924.08,7006.9,7006.9,1914930000.0
2018-01-03,7017.07,7069.15,7016.7,7065.53,7065.53,2166780000.0
2018-01-04,7089.5,7098.05,7072.38,7077.91,7077.91,2098890000.0
2018-01-05,7105.74,7137.04,7097.08,7136.56,7136.56,2020900000.0
2018-01-08,7135.38,7161.35,7124.09,7157.39,7157.39,2051430000.0
2018-01-09,7174.19,7181.14,7148.3,7163.58,7163.58,2107300000.0
2018-01-10,7129.83,7154.24,7111.52,7153.57,7153.57,2122740000.0
2018-01-11,7168.73,7211.78,7163.23,7211.78,7211.78,2009740000.0
2018-01-12,7208.17,7265.26,7205.18,7261.06,7261.06,1976200000.0
2018-01-16,7307.19,7330.33,7205.93,7223.69,7223.69,2377140000.0
2018-01-17,7257.77,7309.36,7229.32,7298.28,7298.28,2238070000.0
2018-01-18,7293.65,7313.89,7276.11,7296.05,7296.05,2026220000.0
2018-01-19,7312.0,7336.38,7297.28,7336.38,7336.38,1997270000.0
2018-01-22,7338.04,7408.03,7332.81,7408.03,7408.03,2106070000.0
2018-01-23,7424.95,7465.39,7423.18,7460.29,7460.29,2119840000.0
2018-01-24,7474.16,7486.32,7376.75,7415.06,7415.06,2277010000.0
2018-01-25,7457.95,7458.53,7388.58,7411.16,7411.16,2061450000.0
2018-01-26,7448.33,7505.77,7431.22,7505.77,7505.77,2059010000.0
2018-01-29,7484.47,7500.61,7455.55,7466.51,7466.51,2103380000.0
2018-01-30,7388.89,7433.65,7373.99,7402.48,7402.48,2163980000.0
2018-01-31,7443.25,7453.99,7381.12,7411.48,7411.48,2407540000.0
2018-02-01,7377.17,7441.09,7362.28,7385.86,7385.86,2291680000.0
2018-02-02,7347.59,7364.43,7238.18,7240.95,7240.95,2587770000.0
2018-02-05,7165.96,7277.36,6967.53,6967.53,6967.53,3106870000.0
2018-02-06,6837.56,7126.55,6824.82,7115.88,7115.88,3131030000.0
2018-02-07,7086.2,7170.34,7051.53,7051.98,7051.98,2366970000.0
2018-02-08,7067.3,7073.99,6776.77,6777.16,6777.16,2707700000.0
2018-02-09,6863.34,6917.01,6630.67,6874.49,6874.49,3155990000.0
2018-02-12,6936.68,7023.62,6879.69,6981.96,6981.96,2240420000.0
2018-02-13,6942.16,7025.68,6938.16,7013.51,7013.51,1816670000.0
2018-02-14,6979.24,7152.05,6977.07,7143.62,7143.62,2211460000.0
2018-02-15,7200.75,7256.93,7130.39,7256.43,7256.43,2110700000.0
2018-02-16,7236.51,7303.26,7226.38,7239.47,7239.47,2019830000.0
2018-02-20,7209.03,7295.95,7206.0,7234.31,7234.31,1911170000.0
2018-02-21,7258.48,7338.64,7218.11,7218.23,7218.23,1946010000.0
2018-02-22,7252.46,7280.93,7194.84,7210.09,7210.09,1911900000.0
2018-02-23,7261.35,7337.83,7232.5,7337.39,7337.39,1879460000.0
2018-02-26,7373.3,7421.85,7360.25,7421.46,7421.46,1866610000.0
2018-02-27,7416.17,7438.09,7330.35,7330.35,7330.35,2155850000.0
2018-02-28,7371.41,7386.8,7273.01,7273.01,7273.01,2373880000.0
2018-03-01,7274.75,7307.85,7117.66,7180.56,7180.56,2489040000.0
2018-03-02,7099.54,7267.19,7084.83,7257.87,7257.87,2287320000.0
2018-03-05,7222.89,7350.07,7205.31,7330.71,7330.71,2066350000.0
2018-03-06,7366.61,7378.03,7319.68,7372.01,7372.01,2112570000.0
2018-03-07,7311.74,7403.79,7311.74,7396.65,7396.65,2192230000.0
2018-03-08,7422.77,7435.01,7391.5,7427.95,7427.95,2272110000.0
2018-03-09,7475.98,7560.81,7469.03,7560.81,7560.81,2302930000.0
2018-03-12,7581.04,7609.1,7563.44,7588.32,7588.32,2294440000.0
2018-03-13,7627.52,7637.27,7492.98,7511.01,7511.01,2448830000.0
2018-03-14,7539.78,7544.89,7473.9,7496.81,7496.81,2104450000.0
2018-03-15,7509.24,7525.44,7463.19,7481.74,7481.74,1991570000.0
2018-03-16,7504.37,7514.21,7473.68,7481.99,7481.99,3046990000.0
2018-03-19,7419.2,7421.23,7285.27,7344.24,7344.24,2327430000.0
2018-03-20,7353.25,7380.74,7331.24,7364.3,7364.3,1967690000.0
2018-03-21,7347.5,7415.66,7325.35,7345.29,7345.29,1988390000.0
2018-03-22,7257.55,7303.19,7164.38,7166.68,7166.68,2347160000.0
2018-03-23,7170.68,7194.31,6992.67,6992.67,6992.67,2390410000.0
2018-03-26,7125.2,7225.83,7022.34,7220.54,7220.54,2326060000.0
2018-03-27,7255.47,7255.54,6963.68,7008.81,7008.81,2325990000.0
2018-03-28,6978.3,7036.09,6901.07,6949.23,6949.23,2518670000.0
2018-03-29,6984.66,7120.46,6935.78,7063.45,7063.45,2554500000.0
2018-04-02,7016.17,7044.71,6805.96,6870.12,6870.12,2394730000.0
2018-04-03,6924.35,6963.71,6835.23,6941.28,6941.28,2328510000.0
2018-04-04,6811.77,7059.29,6811.77,7042.11,7042.11,2254070000.0
2018-04-05,7099.25,7112.38,7036.62,7076.55,7076.55,2124660000.0
2018-04-06,6999.57,7066.64,6877.76,6915.11,6915.11,2350540000.0
2018-04-09,6971.45,7074.95,6944.96,6950.34,6950.34,2080900000.0
2018-04-10,7060.99,7117.98,7014.88,7094.3,7094.3,2238770000.0
2018-04-11,7055.0,7128.54,7055.0,7069.03,7069.03,1852120000.0
2018-04-12,7112.02,7166.0,7105.09,7140.25,7140.25,2021110000.0
2018-04-13,7179.62,7183.62,7078.14,7106.65,7106.65,1743640000.0
2018-04-16,7153.87,7178.51,7115.85,7156.28,7156.28,1795950000.0
2018-04-17,7215.12,7298.59,7206.55,7281.1,7281.1,1913230000.0
2018-04-18,7292.38,7319.58,7259.9,7295.24,7295.24,1893220000.0
2018-04-19,7258.61,7277.45,7215.17,7238.06,7238.06,1963950000.0
2018-04-20,7220.64,7222.99,7123.49,7146.13,7146.13,1921790000.0
2018-04-23,7173.99,7195.72,7094.43,7128.6,7128.6,1737370000.0
2018-04-24,7160.77,7171.67,6961.52,7007.35,7007.35,2149250000.0
2018-04-25,7009.99,7030.74,6926.97,7003.74,7003.74,2026690000.0
2018-04-26,7080.49,7143.94,7055.66,7118.68,7118.68,2127140000.0
2018-04-27,7195.52,7197.15,7083.95,7119.8,7119.8,2027530000.0
2018-04-30,7133.95,7169.8,7065.41,7066.27,7066.27,1987020000.0
2018-05-01,7053.65,7133.27,7036.18,7130.7,7130.7,1929110000.0
2018-05-02,7138.45,7169.46,7094.72,7100.9,7100.9,2144200000.0
2018-05-03,7065.03,7112.59,6991.14,7088.15,7088.15,2345740000.0
2018-05-04,7065.67,7228.26,7057.89,7209.62,7209.62,2022230000.0
2018-05-07,7241.82,7291.74,7235.76,7265.21,7265.21,1939980000.0
2018-05-08,7255.34,7278.81,7224.7,7266.9,7266.9,2054830000.0
2018-05-09,7281.53,7344.8,7259.05,7339.91,7339.91,2241480000.0
2018-05-10,7355.9,7414.15,7353.63,7404.97,7404.97,2233460000.0
2018-05-11,7393.97,7417.67,7372.26,7402.88,7402.88,2083030000.0
2018-05-14,7429.45,7458.42,7401.89,7411.32,7411.32,2075670000.0
2018-05-15,7361.3,7363.52,7320.97,7351.63,7351.63,2114040000.0
2018-05-16,7356.22,7413.32,7356.16,7398.3,7398.3,2083660000.0
2018-05-17,7379.58,7425.39,7350.46,7382.47,7382.47,1931700000.0
2018-05-18,7364.34,7381.16,7343.97,7354.34,7354.34,1966710000.0
2018-05-21,7406.34,7431.83,7368.21,7394.04,7394.04,1949100000.0
2018-05-22,7420.85,7432.53,7370.33,7378.46,7378.46,1908280000.0
2018-05-23,7335.03,7426.78,7334.62,7425.96,7425.96,1980450000.0
2018-05-24,7421.99,7435.38,7357.5,7424.43,7424.43,1992460000.0
2018-05-25,7422.2,7452.85,7415.58,7433.85,7433.85,1757660000.0
2018-05-29,7398.51,7435.13,7354.29,7396.59,7396.59,2087370000.0
2018-05-30,7428.41,7473.81,7423.67,7462.45,7462.45,2049450000.0
2018-05-31,7455.58,7492.42,7431.41,7442.12,7442.12,2514610000.0
2018-06-01,7487.66,7557.38,7487.23,7554.33,7554.33,2208600000.0
2018-06-04,7570.08,7607.17,7561.2,7606.46,7606.46,2142790000.0
2018-06-05,7621.36,7644.48,7602.38,7637.86,7637.86,2058630000.0
2018-06-06,7652.8,7691.65,7622.31,7689.24,7689.24,2191750000.0
2018-06-07,7697.41,7697.41,7597.66,7635.07,7635.07,2328280000.0
2018-06-08,7607.74,7653.58,7595.14,7645.51,7645.51,1941580000.0
2018-06-11,7647.24,7677.29,7642.87,7659.93,7659.93,1942940000.0
2018-06-12,7673.87,7708.25,7669.53,7703.79,7703.79,2006760000.0
2018-06-13,7713.9,7748.96,7686.65,7695.7,7695.7,2172770000.0
2018-06-14,7723.53,7768.6,7723.53,7761.04,7761.04,2188230000.0
2018-06-15,7725.03,7755.72,7704.34,7746.38,7746.38,3043790000.0
2018-06-18,7692.96,7749.36,7676.83,7747.03,7747.03,2093950000.0
2018-06-19,7658.47,7727.41,7635.73,7725.59,7725.59,2269000000.0
2018-06-20,7764.15,7806.6,7755.48,7781.51,7781.51,2305100000.0
2018-06-21,7800.3,7803.45,7699.2,7712.95,7712.95,2315880000.0
2018-06-22,7739.69,7739.71,7679.12,7692.82,7692.82,3928340000.0
2018-06-25,7631.12,7639.73,7477.73,7532.01,7532.01,2415090000.0
2018-06-26,7553.74,7597.49,7527.0,7561.63,7561.63,2058640000.0
2018-06-27,7586.33,7610.67,7444.17,7445.08,7445.08,2306430000.0
2018-06-28,7438.11,7526.07,7419.56,7503.68,7503.68,2195400000.0
2018-06-29,7544.13,7573.59,7502.95,7510.3,7510.3,2192010000.0
2018-07-02,7451.9,7568.1,7443.1,7567.69,7567.69,1767910000.0
2018-07-03,7593.63,7594.33,7498.5,7502.67,7502.67,1179310000.0
2018-07-05,7550.66,7589.19,7511.43,7586.43,7586.43,1745030000.0
2018-07-06,7595.93,7695.81,7588.65,7688.39,7688.39,1704580000.0
2018-07-09,7731.74,7757.28,7702.06,7756.2,7756.2,1837330000.0
2018-07-10,7770.63,7777.48,7731.98,7759.2,7759.2,1725210000.0
2018-07-11,7698.51,7748.16,7696.58,7716.61,7716.61,1761420000.0
2018-07-12,7752.71,7825.67,7746.76,7823.92,7823.92,1926110000.0
2018-07-13,7827.62,7843.52,7803.34,7825.98,7825.98,1714140000.0
2018-07-16,7831.74,7838.82,7791.98,7805.72,7805.72,1730190000.0
2018-07-17,7751.97,7867.15,7749.61,7855.12,7855.12,1740680000.0
2018-07-18,7859.43,7863.77,7822.83,7854.44,7854.44,1857670000.0
2018-07-19,7829.8,7849.85,7811.15,7825.3,7825.3,1853030000.0
2018-07-20,7843.08,7860.25,7815.86,7820.2,7820.2,1786250000.0
2018-07-23,7806.93,7846.76,7776.55,7841.87,7841.87,1654290000.0
2018-07-24,7914.35,7928.79,7814.33,7840.77,7840.77,2014850000.0
2018-07-25,7839.09,7933.31,7838.76,7932.24,7932.24,1902790000.0
2018-07-26,7848.04,7881.3,7834.08,7852.18,7852.18,2263070000.0
2018-07-27,7889.75,7889.75,7698.96,7737.42,7737.42,2176170000.0
2018-07-30,7735.27,7740.26,7604.24,7630.0,7630.0,2143410000.0
2018-07-31,7654.59,7709.49,7614.84,7671.79,7671.79,2195050000.0
2018-08-01,7701.82,7732.68,7670.71,7707.29,7707.29,2223550000.0
2018-08-02,7659.52,7808.85,7659.52,7802.69,7802.69,2081300000.0
2018-08-03,7819.23,7824.06,7783.3,7812.01,7812.01,2018700000.0
2018-08-06,7809.54,7859.68,7801.88,7859.68,7859.68,2238170000.0
2018-08-07,7878.62,7898.2,7868.65,7883.66,7883.66,2197590000.0
2018-08-08,7880.0,7901.69,7864.46,7888.33,7888.33,2087850000.0
2018-08-09,7886.52,7923.35,7881.06,7891.78,7891.78,2032950000.0
2018-08-10,7834.71,7866.19,7818.37,7839.11,7839.11,2095180000.0
2018-08-13,7848.0,7888.66,7814.27,7819.71,7819.71,1914240000.0
2018-08-14,7847.88,7878.23,7815.5,7870.89,7870.89,1917360000.0
2018-08-15,7810.02,7832.66,7732.69,7774.12,7774.12,2286960000.0
2018-08-16,7826.95,7849.67,7795.74,7806.52,7806.52,1979540000.0
2018-08-17,7786.64,7830.78,7752.68,7816.33,7816.33,1843150000.0
2018-08-20,7834.37,7837.14,7787.9,7821.01,7821.01,1698970000.0
2018-08-21,7840.09,7897.68,7836.79,7859.17,7859.17,1766630000.0
2018-08-22,7844.04,7897.63,7840.84,7889.1,7889.1,1660460000.0
2018-08-23,7886.47,7926.32,7866.53,7878.46,7878.46,1879890000.0
2018-08-24,7907.81,7949.71,7907.1,7945.98,7945.98,1886600000.0
2018-08-27,7989.64,8024.94,7976.6,8017.9,8017.9,2319130000.0
2018-08-28,8039.01,8046.31,8009.59,8030.04,8030.04,1961300000.0
2018-08-29,8044.34,8113.56,8042.1,8109.69,8109.69,1897000000.0
2018-08-30,8094.2,8133.3,8069.57,8088.36,8088.36,2014450000.0
2018-08-31,8079.31,8119.82,8079.31,8109.54,8109.54,1899910000.0
2018-09-04,8087.95,8104.07,8042.14,8091.25,8091.25,2229520000.0
2018-09-05,8073.53,8077.84,7962.35,7995.17,7995.17,2596780000.0
2018-09-06,7998.27,8001.97,7885.49,7922.73,7922.73,2368680000.0
2018-09-07,7878.79,7962.53,7873.93,7902.54,7902.54,2146380000.0
2018-09-10,7939.57,7945.03,7890.39,7924.16,7924.16,2041450000.0
2018-09-11,7894.87,7986.32,7880.92,7972.47,7972.47,2336600000.0
2018-09-12,7958.87,7965.39,7884.05,7954.23,7954.23,2341850000.0
2018-09-13,7999.93,8037.51,7989.85,8013.71,8013.71,2318720000.0
2018-09-14,8026.16,8040.83,7979.78,8010.04,8010.04,2033720000.0
2018-09-17,7992.21,8002.78,7890.07,7895.79,7895.79,2284140000.0
2018-09-18,7903.57,7986.1,7901.01,7956.11,7956.11,2317990000.0
2018-09-19,7962.55,7976.12,7917.73,7950.04,7950.04,2156730000.0
2018-09-20,7993.53,8039.06,7986.41,8028.23,8028.23,2287150000.0
2018-09-21,8041.69,8057.26,7979.67,7986.96,7986.96,3706820000.0
2018-09-24,7939.38,7997.9,7912.47,7993.25,7993.25,2416380000.0
2018-09-25,8001.59,8014.12,7979.29,8007.47,8007.47,2288140000.0
2018-09-26,8011.68,8067.03,7982.76,7990.37,7990.37,2297030000.0
2018-09-27,8021.22,8071.56,8017.91,8041.97,8041.97,2053770000.0
2018-09-28,8024.5,8065.06,8015.87,8046.35,8046.35,2323940000.0
2018-10-01,8091.5,8107.38,8019.77,8037.3,8037.3,2283230000.0
2018-10-02,8024.47,8054.15,7983.99,7999.55,7999.55,2391370000.0
2018-10-03,8034.65,8053.93,8012.03,8025.09,8025.09,3057330000.0
2018-10-04,7993.33,7997.17,7833.16,7879.51,7879.51,3284550000.0
2018-10-05,7874.76,7902.67,7715.97,7788.45,7788.45,2672900000.0
2018-10-08,7747.1,7797.32,7654.84,7735.95,7735.95,2239640000.0
2018-10-09,7728.51,7799.75,7718.95,7738.02,7738.02,2459040000.0
2018-10-10,7694.08,7701.2,7420.56,7422.05,7422.05,3077330000.0
2018-10-11,7388.07,7493.21,7274.04,7329.06,7329.06,3139290000.0
2018-10-12,7507.84,7516.69,7368.33,7496.89,7496.89,2650290000.0
2018-10-15,7473.33,7500.93,7400.07,7430.74,7430.74,2148850000.0
2018-10-16,7501.78,7658.14,7493.44,7645.49,7645.49,2623300000.0
2018-10-17,7669.26,7670.49,7563.09,7642.7,7642.7,2364720000.0
2018-10-18,7616.47,7616.86,7452.46,7485.14,7485.14,2545950000.0
2018-10-19,7530.16,7582.89,7428.3,7449.03,7449.03,2532220000.0
2018-10-22,7486.74,7520.54,7424.74,7468.63,7468.63,2282400000.0
2018-10-23,7328.55,7472.58,7260.13,7437.54,7437.54,2735820000.0
2018-10-24,7423.21,7435.69,7099.0,7108.4,7108.4,2935550000.0
2018-10-25,7197.49,7364.82,7178.54,7318.34,7318.34,2741810000.0
2018-10-26,7125.18,7283.32,7057.0,7167.21,7167.21,2964780000.0
2018-10-29,7272.42,7295.61,6922.83,7050.29,7050.29,2689550000.0
2018-10-30,7017.87,7166.84,7001.48,7161.65,7161.65,2681310000.0
2018-10-31,7276.62,7368.49,7270.63,7305.9,7305.9,2899730000.0
2018-11-01,7327.82,7435.88,7286.5,7434.06,7434.06,2708880000.0
2018-11-02,7424.02,7466.53,7298.68,7356.99,7356.99,2889910000.0
2018-11-05,7344.08,7349.23,7255.88,7328.85,7328.85,2166470000.0
2018-11-06,7326.07,7400.64,7320.89,7375.96,7375.96,2285680000.0
2018-11-07,7446.09,7572.93,7435.87,7570.75,7570.75,2677530000.0
2018-11-08,7544.17,7566.93,7499.71,7530.88,7530.88,2462430000.0
2018-11-09,7468.51,7474.34,7349.48,7406.9,7406.9,2418490000.0
2018-11-12,7364.05,7371.09,7193.77,7200.87,7200.87,2289070000.0
2018-11-13,7230.69,7319.12,7182.86,7200.87,7200.87,2343940000.0
2018-11-14,7265.39,7285.57,7101.17,7136.39,7136.39,2540220000.0
2018-11-15,7112.83,7274.26,7072.36,7259.03,7259.03,2508720000.0
2018-11-16,7193.6,7274.86,7171.7,7247.87,7247.87,2438260000.0
2018-11-19,7217.24,7224.12,7011.4,7028.48,7028.48,2354020000.0
2018-11-20,6867.43,6994.75,6830.76,6908.82,6908.82,2664950000.0
2018-11-21,6985.51,7029.93,6951.62,6972.25,6972.25,1858050000.0
2018-11-23,6919.52,6987.89,6919.16,6938.98,6938.98,958950000.0
2018-11-26,7026.5,7083.93,7003.12,7081.85,7081.85,2011180000.0
2018-11-27,7041.23,7105.14,7014.36,7082.7,7082.7,2067360000.0
2018-11-28,7135.08,7292.71,7090.98,7291.59,7291.59,2390260000.0
2018-11-29,7267.37,7319.96,7217.69,7273.08,7273.08,1983460000.0
2018-11-30,7279.3,7332.79,7255.68,7330.54,7330.54,2542820000.0
2018-12-03,7486.13,7486.51,7392.22,7441.51,7441.51,2621020000.0
2018-12-04,7407.95,7421.11,7150.11,7158.43,7158.43,2635810000.0
2018-12-06,7017.05,7189.52,6984.34,7188.26,7188.26,2833870000.0
2018-12-07,7163.49,7205.37,6945.27,6969.25,6969.25,2475160000.0
2018-12-10,6959.63,7047.62,6878.99,7020.52,7020.52,2367560000.0
2018-12-11,7121.66,7129.83,6983.01,7031.83,7031.83,2246060000.0
2018-12-12,7127.0,7197.29,7096.56,7098.31,7098.31,2412300000.0
2018-12-13,7135.28,7154.64,7034.82,7070.33,7070.33,2143520000.0
2018-12-14,6986.37,7027.17,6898.99,6910.66,6910.66,2200510000.0
2018-12-17,6886.46,6931.81,6710.01,6753.73,6753.73,2665240000.0
2018-12-18,6809.82,6847.27,6733.71,6783.91,6783.91,2595400000.0
2018-12-19,6777.59,6868.86,6586.5,6636.83,6636.83,2899950000.0
2018-12-20,6607.76,6666.2,6447.91,6528.41,6528.41,3258090000.0
2018-12-21,6573.49,6586.68,6304.63,6332.99,6332.99,4534120000.0
2018-12-24,6278.49,6355.18,6190.17,6192.92,6192.92,1647270000.0
2018-12-26,6257.86,6555.53,6214.34,6554.36,6554.36,2558940000.0
2018-12-27,6457.19,6583.01,6336.97,6579.49,6579.49,2415870000.0
2018-12-28,6616.79,6684.18,6529.22,6584.52,6584.52,2199090000.0
2018-12-31,6649.52,6659.96,6570.06,6635.28,6635.28,2098560000.0
2019-01-02,6506.91,6693.71,6506.88,6665.94,6665.94,2261800000.0
2019-01-03,6584.77,6600.21,6457.13,6463.5,6463.5,2607290000.0
2019-01-04,6567.14,6760.69,6554.24,6738.86,6738.86,2579550000.0
2019-01-07,6757.53,6855.6,6741.4,6823.47,6823.47,2507550000.0
2019-01-08,6893.44,6909.58,6795.86,6897.0,6897.0,2380290000.0
2019-01-09,6923.06,6985.22,6899.56,6957.08,6957.08,2422590000.0
2019-01-10,6908.65,6991.37,6877.08,6986.07,6986.07,2179080000.0
2019-01-11,6947.46,6975.65,6933.6,6971.48,6971.48,2066500000.0
2019-01-14,6908.03,6936.22,6887.48,6905.92,6905.92,1942210000.0
2019-01-15,6931.39,7025.85,6928.12,7023.83,7023.83,2038090000.0
2019-01-16,7033.75,7079.63,7028.12,7034.69,7034.69,2149580000.0
2019-01-17,7010.13,7113.95,7003.62,7084.46,7084.46,2128840000.0
2019-01-18,7134.1,7185.38,7096.62,7157.23,7157.23,2451240000.0
2019-01-22,7109.57,7110.16,6979.81,7020.36,7020.36,2380950000.0
2019-01-23,7061.65,7084.85,6953.23,7025.77,7025.77,2274420000.0
2019-01-24,7042.25,7078.96,7029.95,7073.46,7073.46,2400290000.0
2019-01-25,7128.18,7174.56,7111.09,7164.86,7164.86,2440840000.0
2019-01-28,7075.01,7086.3,7034.25,7085.68,7085.68,2435480000.0
2019-01-29,7087.49,7092.29,7011.47,7028.29,7028.29,2089690000.0
2019-01-30,7094.79,7201.31,7065.57,7183.08,7183.08,2544050000.0
2019-01-31,7208.17,7303.12,7205.95,7281.74,7281.74,2918710000.0
2019-02-01,7256.37,7299.94,7243.41,7263.87,7263.87,2383430000.0
2019-02-04,7266.28,7348.23,7261.07,7347.54,7347.54,2099470000.0
2019-02-05,7356.34,7408.68,7355.36,7402.08,7402.08,2265520000.0
2019-02-06,7400.44,7410.77,7346.72,7375.28,7375.28,2167130000.0
2019-02-07,7316.5,7336.74,7235.05,7288.35,7288.35,2295080000.0
2019-02-08,7232.3,7299.44,7225.14,7298.2,7298.2,2086260000.0
2019-02-11,7327.37,7343.56,7290.03,7307.9,7307.9,1897800000.0
2019-02-12,7358.85,7419.43,7349.8,7414.62,7414.62,2124330000.0
2019-02-13,7437.46,7461.66,7413.84,7420.38,7420.38,2093800000.0
2019-02-14,7390.25,7454.42,7375.71,7426.95,7426.95,2103370000.0
2019-02-15,7468.57,7477.28,7440.26,7472.41,7472.41,2257750000.0
2019-02-19,7450.75,7507.79,7450.27,7486.77,7486.77,2120790000.0
2019-02-20,7490.31,7513.7,7455.25,7489.07,7489.07,2181760000.0
2019-02-21,7475.41,7485.75,7430.89,7459.71,7459.71,2119080000.0
2019-02-22,7481.63,7527.54,7479.01,7527.54,7527.54,2417680000.0
2019-02-25,7585.3,7602.69,7551.61,7554.46,7554.46,2363140000.0
2019-02-26,7535.29,7573.22,7524.31,7549.3,7549.3,2257710000.0
2019-02-27,7526.42,7562.29,7485.39,7554.51,7554.51,2423360000.0
2019-02-28,7533.31,7561.9,7516.48,7532.53,7532.53,2647080000.0
2019-03-01,7587.45,7603.04,7540.75,7595.35,7595.35,2463190000.0
2019-03-04,7636.62,7643.66,7501.56,7577.57,7577.57,2569590000.0
2019-03-05,7582.29,7598.66,7543.54,7576.36,7576.36,2142610000.0
2019-03-06,7575.38,7579.02,7499.87,7505.92,7505.92,2242810000.0
2019-03-07,7483.79,7489.08,7397.19,7421.46,7421.46,2440840000.0
2019-03-08,7334.35,7411.52,7332.92,7408.14,7408.14,2245430000.0
2019-03-11,7442.56,7558.23,7442.4,7558.06,7558.06,2226950000.0
2019-03-12,7571.85,7611.13,7560.46,7591.03,7591.03,2161400000.0
2019-03-13,7621.38,7677.07,7619.46,7643.41,7643.41,2366350000.0
2019-03-14,7644.79,7653.1,7627.02,7630.91,7630.91,2176510000.0
2019-03-15,7658.41,7714.96,7652.04,7688.53,7688.53,3447190000.0
2019-03-18,7696.38,7737.67,7677.74,7714.48,7714.48,2274490000.0
2019-03-19,7747.4,7767.89,7699.15,7723.95,7723.95,2433160000.0
2019-03-20,7721.95,7779.24,7674.04,7728.97,7728.97,2424400000.0
2019-03-21,7705.43,7850.11,7705.43,7838.96,7838.96,2483580000.0
2019-03-22,7800.25,7817.83,7642.57,7642.67,7642.67,2490730000.0
2019-03-25,7618.98,7662.38,7579.29,7637.54,7637.54,2130230000.0
2019-03-26,7700.0,7738.17,7649.21,7691.52,7691.52,2068900000.0
2019-03-27,7702.05,7712.84,7582.09,7643.38,7643.38,2221650000.0
2019-03-28,7660.07,7689.16,7619.82,7669.17,7669.17,1902060000.0
2019-03-29,7726.71,7733.62,7688.51,7729.32,7729.32,2233470000.0
2019-04-01,7800.24,7831.45,7777.09,7828.91,7828.91,2198050000.0
2019-04-02,7824.61,7854.92,7811.28,7848.69,7848.69,2110100000.0
2019-04-03,7891.18,7938.26,7870.9,7895.55,7895.55,2487210000.0
2019-04-04,7894.26,7917.65,7844.96,7891.78,7891.78,2094200000.0
2019-04-05,7914.51,7940.45,7909.14,7938.69,7938.69,2148730000.0
2019-04-08,7924.89,7955.9,7891.85,7953.88,7953.88,2069190000.0
2019-04-09,7924.77,7945.55,7897.61,7909.28,7909.28,2067570000.0
2019-04-10,7922.73,7965.33,7916.9,7964.24,7964.24,1998280000.0
2019-04-11,7975.2,7975.2,7933.41,7947.36,7947.36,1956840000.0
2019-04-12,7984.15,7992.09,7952.61,7984.16,7984.16,1955290000.0
2019-04-15,7987.16,7993.33,7933.57,7976.01,7976.01,1816920000.0
2019-04-16,8000.57,8017.56,7978.81,8000.23,8000.23,2095330000.0
2019-04-17,8044.97,8052.4,7973.38,7996.08,7996.08,2290690000.0
2019-04-18,7998.45,8002.31,7950.97,7998.06,7998.06,2089360000.0
2019-04-22,7969.37,8017.15,7965.9,8015.27,8015.27,1776060000.0
2019-04-23,8026.75,8128.87,8023.81,8120.82,8120.82,2075070000.0
2019-04-24,8122.88,8139.55,8101.7,8102.01,8102.01,2022490000.0
2019-04-25,8150.85,8151.84,8075.41,8118.68,8118.68,2063270000.0
2019-04-26,8100.28,8146.42,8060.89,8146.4,8146.4,1971270000.0
2019-04-29,8147.65,8176.08,8136.41,8161.85,8161.85,1761110000.0
2019-04-30,8104.91,8124.61,8050.55,8095.39,8095.39,2115770000.0
2019-05-01,8132.93,8146.0,8048.23,8049.64,8049.64,2247420000.0
2019-05-02,8046.48,8094.06,7976.77,8036.77,8036.77,2158600000.0
2019-05-03,8092.88,8164.71,8084.8,8164.0,8164.0,2046040000.0
2019-05-06,7981.85,8135.54,7981.85,8123.29,8123.29,1966120000.0
2019-05-07,8043.52,8070.97,7899.02,7963.76,7963.76,2376660000.0
2019-05-08,7946.24,8004.49,7923.35,7943.32,7943.32,2175100000.0
2019-05-09,7853.21,7929.78,7796.16,7910.59,7910.59,2520770000.0
2019-05-10,7881.31,7949.34,7759.34,7916.94,7916.94,2387720000.0
2019-05-13,7720.07,7760.83,7627.22,7647.02,7647.02,2478860000.0
2019-05-14,7689.66,7776.2,7665.3,7734.49,7734.49,2084850000.0
2019-05-15,7682.8,7838.72,7682.24,7822.15,7822.15,2001530000.0
2019-05-16,7832.58,7946.23,7826.67,7898.05,7898.05,2163120000.0
2019-05-17,7829.03,7918.71,7810.35,7816.28,7816.28,2134120000.0
2019-05-20,7714.06,7747.27,7678.35,7702.38,7702.38,2122410000.0
2019-05-21,7765.57,7804.44,7752.92,7785.72,7785.72,1993210000.0
2019-05-22,7749.8,7786.33,7738.35,7750.84,7750.84,1881830000.0
2019-05-23,7660.72,7665.15,7585.32,7628.28,7628.28,2243420000.0
2019-05-24,7675.57,7694.15,7631.25,7637.01,7637.01,1682920000.0
2019-05-28,7655.66,7693.74,7603.76,7607.35,7607.35,2352670000.0
2019-05-29,7553.02,7581.11,7503.94,7547.31,7547.31,2278790000.0
2019-05-30,7565.46,7595.9,7527.66,7567.72,7567.72,1872000000.0
2019-05-31,7470.95,7506.86,7448.23,7453.15,7453.15,2236940000.0
2019-06-03,7441.21,7457.66,7292.22,7333.02,7333.02,2576920000.0
2019-06-04,7413.94,7529.5,7385.02,7527.12,7527.12,2369150000.0
2019-06-05,7585.68,7589.47,7498.17,7575.48,7575.48,2115570000.0
2019-06-06,7582.24,7634.12,7546.22,7615.55,7615.55,2070940000.0
2019-06-07,7652.97,7767.02,7647.91,7742.1,7742.1,2066020000.0
2019-06-10,7798.87,7895.44,7795.76,7823.17,7823.17,2049370000.0
2019-06-11,7901.04,7909.99,7798.63,7822.57,7822.57,2114680000.0
2019-06-12,7803.13,7819.16,7773.97,7792.72,7792.72,1952790000.0
2019-06-13,7822.56,7848.36,7813.6,7837.13,7837.13,1838930000.0
2019-06-14,7807.19,7819.21,7778.12,7796.66,7796.66,1804340000.0
2019-06-17,7819.43,7865.98,7812.61,7845.02,7845.02,1935290000.0
2019-06-18,7920.98,8005.21,7911.67,7953.88,7953.88,2244920000.0
2019-06-19,7970.26,7998.59,7930.38,7987.32,7987.32,2014080000.0
2019-06-20,8087.45,8088.88,7996.87,8051.34,8051.34,2053530000.0
2019-06-21,8028.69,8073.02,8011.2,8031.71,8031.71,2894340000.0
2019-06-24,8040.58,8047.56,8004.63,8005.7,8005.7,2070370000.0
2019-06-25,8005.27,8007.31,7879.15,7884.72,7884.72,2127310000.0
2019-06-26,7933.92,7974.28,7903.07,7909.97,7909.97,2104750000.0
2019-06-27,7939.36,7976.58,7935.47,7967.76,7967.76,2023120000.0
2019-06-28,7988.76,8010.15,7961.46,8006.24,8006.24,4078990000.0
2019-07-01,8145.85,8150.45,8059.29,8091.16,8091.16,2208900000.0
2019-07-02,8086.65,8109.37,8063.11,8109.09,8109.09,1946320000.0
2019-07-03,8129.57,8170.23,8122.34,8170.23,8170.23,1548190000.0
2019-07-05,8123.28,8171.97,8093.66,8161.79,8161.79,149410000.0
2019-07-08,8112.91,8161.79,8078.39,8098.38,8098.38,177320000.0
2019-07-09,8061.41,8146.98,8061.32,8141.73,8141.73,1866770000.0
2019-07-10,8183.19,8228.6,8160.56,8202.53,8202.53,2060510000.0
2019-07-11,8219.28,8226.18,8171.63,8196.04,8196.04,1966970000.0
2019-07-12,8209.2,8245.66,8201.52,8244.14,8244.14,1824870000.0
2019-07-15,8263.18,8264.78,8236.27,8258.19,8258.19,1783980000.0
2019-07-16,8251.66,8259.75,8204.23,8222.8,8222.8,1933960000.0
2019-07-17,8224.0,8230.67,8184.66,8185.21,8185.21,1846960000.0
2019-07-18,8151.76,8215.58,8135.12,8207.24,8207.24,2016310000.0
2019-07-19,8241.34,8245.78,8144.63,8146.49,8146.49,1878730000.0
2019-07-22,8171.99,8218.42,8171.54,8204.14,8204.14,1845770000.0
2019-07-23,8242.5,8251.83,8193.89,8251.4,8251.4,1832220000.0
2019-07-24,8227.36,8321.81,8226.5,8321.5,8321.5,1947550000.0
2019-07-25,8294.68,8295.95,8233.4,8238.54,8238.54,2023130000.0
2019-07-26,8294.3,8339.64,8291.12,8330.21,8330.21,1954350000.0
2019-07-29,8325.1,8325.28,8247.37,8293.33,8293.33,1874780000.0
2019-07-30,8231.77,8295.46,8228.02,8273.61,8273.61,1884300000.0
2019-07-31,8290.8,8299.83,8110.02,8175.42,8175.42,2667060000.0
2019-08-01,8190.56,8311.04,8080.52,8111.12,8111.12,2792650000.0
2019-08-02,8056.42,8068.8,7953.67,8004.07,8004.07,2252550000.0
2019-08-05,7823.33,7836.45,7662.9,7726.04,7726.04,2636740000.0
2019-08-06,7804.51,7845.01,7739.57,7833.27,7833.27,2201610000.0
2019-08-07,7747.27,7881.38,7702.42,7862.83,7862.83,2453230000.0
2019-08-08,7921.59,8041.12,7896.15,8039.16,8039.16,2415670000.0
2019-08-09,7997.19,8020.56,7910.35,7959.14,7959.14,2224330000.0
2019-08-12,7907.49,7924.99,7833.79,7863.41,7863.41,2056360000.0
2019-08-13,7852.37,8065.24,7851.58,8016.36,8016.36,2346980000.0
2019-08-14,7877.33,7900.28,7762.87,7773.94,7773.94,2522870000.0
2019-08-15,7790.2,7805.93,7716.55,7766.62,7766.62,2182590000.0
2019-08-16,7828.35,7907.52,7828.35,7895.99,7895.99,1995130000.0
2019-08-19,8006.18,8026.75,7895.99,8002.81,8002.81,1934980000.0
2019-08-20,7989.36,8010.58,7948.09,7948.56,7948.56,1747580000.0
2019-08-21,8017.07,8036.94,7998.5,8020.21,8020.21,1716370000.0
2019-08-22,8038.79,8048.58,7937.12,7991.39,7991.39,1777630000.0
2019-08-23,7943.65,8005.34,7730.77,7751.77,7751.77,2207070000.0
2019-08-26,7829.58,7856.04,7789.05,7853.74,7853.74,1688860000.0
2019-08-27,7908.78,7916.83,7795.18,7826.95,7826.95,1913760000.0
2019-08-28,7798.35,7866.87,7766.67,7856.88,7856.88,1656930000.0
2019-08-29,7945.78,7992.29,7925.83,7973.39,7973.39,1700840000.0
2019-08-30,8015.16,8017.91,7914.74,7962.88,7962.88,1665840000.0
2019-09-03,7906.44,7940.37,7847.32,7874.16,7874.16,1936210000.0
2019-09-04,7949.81,7981.41,7928.94,7976.88,7976.88,1891300000.0
2019-09-05,8061.29,8134.42,8061.29,8116.83,8116.83,2096300000.0
2019-09-06,8125.58,8134.39,8098.52,8103.07,8103.07,1876380000.0
2019-09-09,8130.91,8131.66,8052.34,8087.44,8087.44,2172240000.0
2019-09-10,8049.98,8086.53,8001.68,8084.16,8084.16,2362860000.0
2019-09-11,8091.68,8169.68,8081.56,8169.68,8169.68,2310440000.0
2019-09-12,8206.58,8243.8,8176.73,8194.47,8194.47,2159260000.0
2019-09-13,8190.57,8210.2,8165.47,8176.71,8176.71,1976770000.0
2019-09-16,8121.64,8165.33,8121.25,8153.54,8153.54,1869220000.0
2019-09-17,8148.65,8188.23,8139.82,8186.02,8186.02,1850340000.0
2019-09-18,8174.62,8179.87,8086.22,8177.39,8177.39,2034880000.0
2019-09-19,8193.59,8237.43,8174.32,8182.88,8182.88,1792700000.0
2019-09-20,8184.88,8202.82,8086.16,8117.67,8117.67,3359380000.0
2019-09-23,8106.49,8135.81,8085.34,8112.46,8112.46,1780160000.0
2019-09-24,8147.23,8158.83,7969.65,7993.63,7993.63,2302600000.0
2019-09-25,7990.66,8095.0,7935.57,8077.38,8077.38,2015270000.0
2019-09-26,8070.12,8072.11,7991.02,8030.66,8030.66,1832800000.0
2019-09-27,8047.11,8051.83,7890.28,7939.63,7939.63,2037720000.0
2019-09-30,7964.09,8012.16,7949.63,7999.34,7999.34,1805820000.0
2019-10-01,8026.83,8062.5,7906.29,7908.68,7908.68,2243650000.0
2019-10-02,7851.13,7852.7,7744.96,7785.25,7785.25,2495160000.0
2019-10-03,7787.02,7872.26,7700.0,7872.26,7872.26,2141490000.0
2019-10-04,7908.44,7986.62,7899.39,7982.47,7982.47,1736890000.0
2019-10-07,7956.41,8013.31,7942.08,7956.29,7956.29,1739450000.0
2019-10-08,7898.27,7921.88,7823.73,7823.78,7823.78,1933580000.0
2019-10-09,7895.96,7930.92,7873.52,7903.74,7903.74,1553900000.0
2019-10-10,7904.56,7982.84,7899.81,7950.78,7950.78,1778740000.0
2019-10-11,8047.34,8115.8,8046.8,8057.04,8057.04,2176080000.0
2019-10-14,8044.35,8069.85,8036.41,8048.65,8048.65,1419730000.0
2019-10-15,8074.85,8166.18,8071.81,8148.71,8148.71,1836650000.0
2019-10-16,8119.81,8146.15,8103.38,8124.18,8124.18,1886720000.0
2019-10-17,8176.91,8183.64,8131.25,8156.85,8156.85,1861570000.0
2019-10-18,8149.85,8157.36,8045.37,8089.54,8089.54,2012930000.0
2019-10-21,8137.42,8164.14,8117.26,8162.99,8162.99,1752860000.0
2019-10-22,8188.12,8194.62,8101.98,8104.3,8104.3,1847200000.0
2019-10-23,8090.24,8122.88,8078.35,8119.79,8119.79,1805030000.0
2019-10-24,8180.04,8187.84,8137.66,8185.8,8185.8,1882490000.0
2019-10-25,8150.59,8249.97,8150.59,8243.12,8243.12,1894740000.0
2019-10-28,8285.77,8335.56,8285.27,8325.99,8325.99,1956280000.0
2019-10-29,8313.35,8319.29,8275.14,8276.85,8276.85,1834530000.0
2019-10-30,8284.28,8315.5,8241.7,8303.98,8303.98,1928420000.0
2019-10-31,8314.38,8321.8,8248.81,8292.36,8292.36,2258270000.0
2019-11-01,8335.05,8386.75,8326.56,8386.4,8386.4,2057310000.0
2019-11-04,8445.5,8451.37,8421.3,8433.2,8433.2,2149910000.0
2019-11-05,8446.62,8457.39,8421.05,8434.68,8434.68,2316710000.0
2019-11-06,8426.57,8426.57,8379.33,8410.63,8410.63,2332650000.0
2019-11-07,8455.11,8483.16,8415.87,8434.52,8434.52,2393950000.0
2019-11-08,8422.67,8475.57,8405.89,8475.31,8475.31,1974190000.0
2019-11-11,8431.26,8467.29,8425.48,8464.28,8464.28,1715470000.0
2019-11-12,8471.07,8514.84,8462.99,8486.09,8486.09,1987820000.0
2019-11-13,8455.02,8496.9,8451.34,8482.1,8482.1,2173320000.0
2019-11-14,8461.06,8485.36,8441.58,8479.02,8479.02,2106550000.0
2019-11-15,8524.48,8540.83,8506.8,8540.83,8540.83,2188210000.0
2019-11-18,8529.16,8559.78,8503.62,8549.94,8549.94,2047240000.0
2019-11-19,8578.02,8589.76,8536.73,8570.66,8570.66,2075000000.0
2019-11-20,8543.57,8578.27,8468.63,8526.73,8526.73,2596030000.0
2019-11-21,8527.87,8530.73,8487.29,8506.21,8506.21,2056230000.0
2019-11-22,8530.54,8535.46,8477.49,8519.88,8519.88,1877090000.0
2019-11-25,8559.65,8633.15,8559.65,8632.49,8632.49,2256070000.0
2019-11-26,8635.4,8659.73,8625.62,8647.93,8647.93,2434570000.0
2019-11-27,8669.59,8705.91,8662.58,8705.18,8705.18,1744580000.0
2019-11-29,8682.01,8697.32,8664.04,8665.47,8665.47,1099090000.0
2019-12-02,8672.84,8672.84,8540.16,8567.99,8567.99,2225940000.0
2019-12-03,8460.72,8523.98,8435.4,8520.64,8520.64,2308600000.0
2019-12-04,8557.45,8584.88,8552.38,8566.67,8566.67,2150680000.0
2019-12-05,8587.93,8588.89,8541.92,8570.7,8570.7,2123380000.0
2019-12-06,8634.25,8665.44,8630.58,8656.53,8656.53,2053530000.0
2019-12-09,8650.86,8678.85,8619.77,8621.83,8621.83,2088520000.0
2019-12-10,8623.56,8650.76,8600.82,8616.18,8616.18,2053390000.0
2019-12-11,8631.12,8658.48,8622.36,8654.05,8654.05,1937850000.0
2019-12-12,8645.36,8745.82,8633.6,8717.32,8717.32,2388270000.0
2019-12-13,8713.91,8768.87,8697.58,8734.88,8734.88,2188720000.0
2019-12-16,8791.31,8833.45,8789.77,8814.23,8814.23,2346290000.0
2019-12-17,8829.47,8831.99,8804.6,8823.36,8823.36,2374120000.0
2019-12-18,8834.65,8848.76,8820.42,8827.74,8827.74,2727870000.0
2019-12-19,8838.97,8888.13,8838.97,8887.22,8887.22,2415950000.0
2019-12-20,8911.84,8931.91,8901.87,8924.96,8924.96,3825460000.0
2019-12-23,8950.2,8956.64,8934.55,8945.65,8945.65,2025450000.0
2019-12-24,8955.01,8957.12,8934.36,8952.88,8952.88,1014520000.0
2019-12-26,8970.21,9022.46,8968.46,9022.39,9022.39,1634920000.0
2019-12-27,9049.47,9052.0,8987.32,9006.62,9006.62,1832200000.0
2019-12-30,9004.45,9006.36,8909.19,8945.99,8945.99,2042420000.0
2019-12-31,8918.74,8975.36,8912.77,8972.6,8972.6,2182800000.0
2020-01-02,9039.46,9093.43,9010.89,9092.19,9092.19,2848370000.0
2020-01-03,8976.43,9065.76,8976.43,9020.77,9020.77,2567400000.0
2020-01-06,8943.5,9072.41,8943.5,9071.47,9071.47,2788120000.0
2020-01-07,9076.64,9091.93,9042.55,9068.58,9068.58,2352850000.0
2020-01-08,9068.03,9168.89,9059.38,9129.24,9129.24,2464090000.0
2020-01-09,9202.27,9215.95,9158.5,9203.43,9203.43,2534700000.0
2020-01-10,9232.95,9235.2,9164.66,9178.86,9178.86,2378990000.0
2020-01-13,9213.72,9274.49,9193.06,9273.93,9273.93,2530270000.0
2020-01-14,9270.61,9298.33,9226.49,9251.33,9251.33,2542170000.0
2020-01-15,9253.76,9298.82,9231.14,9258.7,9258.7,2435650000.0
2020-01-16,9313.45,9357.92,9301.32,9357.13,9357.13,2301400000.0
2020-01-17,9392.37,9393.48,9346.81,9388.94,9388.94,2522670000.0
2020-01-21,9361.07,9397.58,9350.2,9370.81,9370.81,2684540000.0
2020-01-22,9413.61,9439.29,9375.13,9383.77,9383.77,2449390000.0
2020-01-23,9377.72,9409.2,9334.13,9402.48,9402.48,2460050000.0
2020-01-24,9446.21,9451.43,9273.23,9314.91,9314.91,2611710000.0
2020-01-27,9092.46,9185.45,9088.04,9139.31,9139.31,2583330000.0
2020-01-28,9201.82,9288.87,9182.33,9269.68,9269.68,2157830000.0
2020-01-29,9318.26,9329.12,9249.04,9275.16,9275.16,2223480000.0
2020-01-30,9211.15,9303.0,9185.18,9298.93,9298.93,2333500000.0
2020-01-31,9324.33,9324.8,9123.22,9150.94,9150.94,2685840000.0
2020-02-03,9190.72,9299.85,9188.55,9273.4,9273.4,2420510000.0
2020-02-04,9398.39,9485.38,9374.05,9467.97,9467.97,2445420000.0
2020-02-05,9574.1,9574.94,9454.93,9508.68,9508.68,2462470000.0
2020-02-06,9540.98,9575.66,9505.68,9572.15,9572.15,2267300000.0
2020-02-07,9526.64,9570.09,9496.53,9520.51,9520.51,2238670000.0
2020-02-10,9493.63,9628.66,9493.63,9628.39,9628.39,2179310000.0
2020-02-11,9680.89,9714.74,9617.21,9638.94,9638.94,2423670000.0
2020-02-12,9688.6,9728.77,9666.69,9725.96,9725.96,2355000000.0
2020-02-13,9657.04,9748.32,9650.02,9711.97,9711.97,2239270000.0
2020-02-14,9728.9,9746.36,9693.05,9731.18,9731.18,2222240000.0
2020-02-18,9679.04,9747.68,9675.8,9732.74,9732.74,2273460000.0
2020-02-19,9782.81,9838.37,9777.1,9817.18,9817.18,2462530000.0
2020-02-20,9799.2,9820.86,9636.94,9750.97,9750.97,2735610000.0
2020-02-21,9708.01,9715.95,9542.33,9576.59,9576.59,2743010000.0
2020-02-24,9188.44,9322.88,9166.01,9221.28,9221.28,3177000000.0
2020-02-25,9301.2,9315.26,8940.49,8965.61,8965.61,3583400000.0
2020-02-26,9011.55,9148.32,8927.8,8980.78,8980.78,3567830000.0
2020-02-27,8744.03,8904.11,8562.05,8566.48,8566.48,4536080000.0
2020-02-28,8269.74,8591.82,8264.16,8567.37,8567.37,5301170000.0
2020-03-02,8667.14,8952.81,8543.35,8952.17,8952.17,4232760000.0
2020-03-03,8965.1,9070.32,8602.89,8684.09,8684.09,4336700000.0
2020-03-04,8834.1,9019.96,8757.66,9018.09,9018.09,3602870000.0
2020-03-05,8790.09,8921.08,8677.39,8738.59,8738.59,3748090000.0
2020-03-06,8469.02,8612.36,8375.13,8575.62,8575.62,4279850000.0
2020-03-09,7957.93,8243.31,7943.16,7950.68,7950.68,4530350000.0
2020-03-10,8219.76,8347.4,7930.43,8344.25,8344.25,4431930000.0
2020-03-11,8136.25,8181.36,7850.95,7952.05,7952.05,4273890000.0
2020-03-12,7398.58,7712.33,7194.67,7201.8,7201.8,5066530000.0
2020-03-13,7610.39,7875.93,7219.09,7874.88,7874.88,4685890000.0
2020-03-16,7392.73,7422.2,6882.86,6904.59,6904.59,4594360000.0
2020-03-17,7072.0,7406.23,6828.91,7334.78,7334.78,4900000000.0
2020-03-18,6902.32,7182.83,6686.36,6989.84,6989.84,4890820000.0
2020-03-19,6996.45,7341.38,6858.38,7150.58,7150.58,4762170000.0
2020-03-20,7248.07,7354.44,6854.67,6879.52,6879.52,5239940000.0
2020-03-23,6847.28,6984.94,6631.42,6860.67,6860.67,4330610000.0
2020-03-24,7196.15,7418.37,7169.86,7417.86,7417.86,4417380000.0
2020-03-25,7421.36,7671.21,7276.4,7384.3,7384.3,4666440000.0
2020-03-26,7462.21,7809.83,7462.21,7797.54,7797.54,3999850000.0
2020-03-27,7554.25,7716.24,7491.14,7502.38,7502.38,3977010000.0
2020-03-30,7583.46,7784.35,7539.97,7774.15,7774.15,3846900000.0
2020-03-31,7740.06,7880.31,7642.86,7700.1,7700.1,4059700000.0
2020-04-01,7459.5,7566.37,7301.98,7360.58,7360.58,3685510000.0
2020-04-02,7317.45,7501.7,7307.95,7487.31,7487.31,3608190000.0
2020-04-03,7477.27,7518.72,7288.11,7373.08,7373.08,3279100000.0
2020-04-06,7660.17,7938.33,7617.79,7913.24,7913.24,3849100000.0
2020-04-07,8129.99,8146.43,7881.22,7887.26,7887.26,4069410000.0
2020-04-08,7975.72,8114.43,7901.94,8090.9,8090.9,3470730000.0
2020-04-09,8169.01,8227.91,8072.32,8153.58,8153.58,4123670000.0
2020-04-13,8127.69,8200.44,8035.95,8192.42,8192.42,3146860000.0
2020-04-14,8353.21,8531.11,8338.08,8515.74,8515.74,3732820000.0
2020-04-15,8355.96,8464.66,8308.79,8393.18,8393.18,3333750000.0
2020-04-16,8479.11,8560.16,8393.27,8532.36,8532.36,3995870000.0
2020-04-17,8667.48,8670.3,8531.69,8650.14,8650.14,4335020000.0
2020-04-20,8553.38,8684.91,8553.38,8560.73,8560.73,3796950000.0
2020-04-21,8460.69,8480.29,8215.69,8263.23,8263.23,3756290000.0
2020-04-22,8434.55,8537.31,8404.54,8495.38,8495.38,3025060000.0
2020-04-23,8528.84,8635.23,8475.2,8494.75,8494.75,3734720000.0
2020-04-24,8530.08,8642.93,8464.42,8634.52,8634.52,3673170000.0
2020-04-27,8717.98,8754.57,8697.37,8730.16,8730.16,3678460000.0
2020-04-28,8825.69,8830.57,8600.7,8607.73,8607.73,3707540000.0
2020-04-29,8802.7,8957.27,8765.01,8914.71,8914.71,4378540000.0
2020-04-30,8911.02,8926.11,8825.83,8889.55,8889.55,4316380000.0
2020-05-01,8681.29,8754.46,8566.84,8604.95,8604.95,3722520000.0
2020-05-04,8555.32,8715.82,8537.83,8710.71,8710.71,3422150000.0
2020-05-05,8809.66,8909.96,8781.31,8809.12,8809.12,3913360000.0
2020-05-06,8874.7,8933.25,8819.37,8854.39,8854.39,3620030000.0
2020-05-07,8973.78,9015.99,8932.86,8979.66,8979.66,3762070000.0
2020-05-08,9056.89,9125.98,9018.21,9121.32,9121.32,3777340000.0
2020-05-11,9054.91,9241.92,9053.17,9192.34,9192.34,3898690000.0
2020-05-12,9225.15,9250.96,9000.07,9002.55,9002.55,4315070000.0
2020-05-13,9006.05,9074.16,8752.68,8863.17,8863.17,4244110000.0
2020-05-14,8788.04,8945.71,8705.25,8943.72,8943.72,3945080000.0
2020-05-15,8839.99,9018.4,8821.38,9014.56,9014.56,4221500000.0
2020-05-18,9177.15,9267.22,9154.35,9234.83,9234.83,4318310000.0
2020-05-19,9227.46,9317.25,9183.25,9185.1,9185.1,4144770000.0
2020-05-20,9305.62,9392.82,9304.2,9375.78,9375.78,4292470000.0
2020-05-21,9375.19,9405.25,9254.85,9284.88,9284.88,3725950000.0
2020-05-22,9278.55,9328.28,9239.41,9324.59,9324.59,3641830000.0
2020-05-26,9501.21,9501.21,9333.16,9340.22,9340.22,4432310000.0
2020-05-27,9346.12,9414.62,9144.28,9412.36,9412.36,4462450000.0
2020-05-28,9392.99,9523.64,9345.28,9368.99,9368.99,4064220000.0
2020-05-29,9382.35,9505.55,9324.73,9489.87,9489.87,4710060000.0
2020-06-01,9471.42,9571.28,9462.32,9552.05,9552.05,3824770000.0
2020-06-02,9566.53,9611.22,9472.08,9608.38,9608.38,3962460000.0
2020-06-03,9651.86,9707.78,9627.17,9682.91,9682.91,4638380000.0
2020-06-04,9649.65,9716.14,9560.41,9615.81,9615.81,6074320000.0
2020-06-05,9703.54,9845.69,9685.35,9814.08,9814.08,6572850000.0
2020-06-08,9823.44,9927.13,9780.61,9924.75,9924.75,6143120000.0
2020-06-09,9867.19,10002.5,9863.27,9953.75,9953.75,5281860000.0
2020-06-10,10012.32,10086.89,9962.58,10020.35,10020.35,5128400000.0
2020-06-11,9791.24,9868.08,9491.31,9492.73,9492.73,5271000000.0
2020-06-12,9715.87,9768.64,9413.62,9588.81,9588.81,4366190000.0
2020-06-15,9426.9,9756.07,9403.0,9726.02,9726.02,4440650000.0
2020-06-16,9949.78,9963.63,9748.38,9895.87,9895.87,4639860000.0
2020-06-17,9943.31,9991.21,9891.81,9910.53,9910.53,4249680000.0
2020-06-18,9892.48,9959.2,9885.66,9943.05,9943.05,4294740000.0
2020-06-19,10042.13,10053.91,9872.94,9946.12,9946.12,6068130000.0
2020-06-22,9945.49,10059.61,9916.6,10056.48,10056.48,4468000000.0
2020-06-23,10130.83,10221.85,10112.44,10131.37,10131.37,5712450000.0
2020-06-24,10092.92,10137.5,9842.22,9909.17,9909.17,5549440000.0
2020-06-25,9899.36,10023.28,9810.47,10017.0,10017.0,4709620000.0
2020-06-26,9995.12,10000.67,9749.07,9757.22,9757.22,7279230000.0
2020-06-29,9771.72,9877.34,9663.61,9874.15,9874.15,4306120000.0
2020-06-30,9875.29,10085.59,9863.67,10058.77,10058.77,4474000000.0
2020-07-01,10063.67,10197.19,10048.04,10154.63,10154.63,4595970000.0
2020-07-02,10268.67,10310.36,10194.06,10207.63,10207.63,4017530000.0
2020-07-06,10360.38,10462.05,10354.98,10433.65,10433.65,4529480000.0
2020-07-07,10412.46,10518.98,10337.98,10343.89,10343.89,4314110000.0
2020-07-08,10409.35,10494.63,10350.96,10492.5,10492.5,3999180000.0
2020-07-09,10563.72,10578.1,10379.91,10547.75,10547.75,3992920000.0
2020-07-10,10545.91,10622.35,10447.01,10617.44,10617.44,3509810000.0
2020-07-13,10729.92,10824.78,10368.04,10390.84,10390.84,4822050000.0
2020-07-14,10310.25,10497.83,10182.46,10488.58,10488.58,4419480000.0
2020-07-15,10576.72,10604.67,10420.54,10550.49,10550.49,4610540000.0
2020-07-16,10443.87,10499.79,10364.39,10473.83,10473.83,4237290000.0
2020-07-17,10500.52,10532.62,10421.21,10503.19,10503.19,4334280000.0
2020-07-20,10526.02,10783.8,10488.04,10767.09,10767.09,4274340000.0
2020-07-21,10837.88,10839.93,10650.46,10680.36,10680.36,5311750000.0
2020-07-22,10687.58,10745.32,10627.45,10706.13,10706.13,4074020000.0
2020-07-23,10689.5,10728.12,10407.87,10461.42,10461.42,4469470000.0
2020-07-24,10294.41,10418.75,10217.31,10363.18,10363.18,4205330000.0
2020-07-27,10421.7,10546.44,10399.86,10536.27,10536.27,4209900000.0
2020-07-28,10509.2,10523.64,10397.87,10402.09,10402.09,3869230000.0
2020-07-29,10474.7,10567.91,10464.0,10542.94,10542.94,3970900000.0
2020-07-30,10450.12,10609.59,10412.09,10587.81,10587.81,4135200000.0
2020-07-31,10741.47,10747.8,10557.7,10745.27,10745.27,4418390000.0
2020-08-03,10848.64,10927.56,10831.15,10902.8,10902.8,4173600000.0
2020-08-04,10897.89,10941.91,10852.9,10941.17,10941.17,3973570000.0
2020-08-05,10967.87,11002.11,10943.72,10998.4,10998.4,4119550000.0
2020-08-06,10989.98,11121.19,10963.41,11108.07,11108.07,4086290000.0
2020-08-07,11072.53,11126.04,10920.37,11010.98,11010.98,4230720000.0
2020-08-10,11033.73,11040.24,10849.46,10968.36,10968.36,4018530000.0
2020-08-11,10942.66,10989.42,10762.71,10782.82,10782.82,4303980000.0
2020-08-12,10878.12,11036.72,10877.16,11012.24,11012.24,3716840000.0
2020-08-13,11026.86,11124.85,11007.5,11042.5,11042.5,3444140000.0
2020-08-14,11042.24,11058.44,10972.06,11019.3,11019.3,3491320000.0
2020-08-17,11083.25,11144.53,11080.3,11129.73,11129.73,3193160000.0
2020-08-18,11170.75,11230.62,11103.83,11210.84,11210.84,3199470000.0
2020-08-19,11214.8,11257.42,11132.1,11146.46,11146.46,3467890000.0
2020-08-20,11096.4,11283.62,11090.03,11264.95,11264.95,4170980000.0
2020-08-21,11258.44,11326.21,11245.44,11311.8,11311.8,3905670000.0
2020-08-24,11449.25,11462.05,11297.53,11379.72,11379.72,3885880000.0
2020-08-25,11370.23,11468.26,11343.04,11466.47,11466.47,3454500000.0
2020-08-26,11516.62,11672.05,11507.46,11665.06,11665.06,3441550000.0
2020-08-27,11688.19,11730.01,11551.01,11625.34,11625.34,3535800000.0
2020-08-28,11689.28,11708.77,11634.77,11695.63,11695.63,2997810000.0
2020-08-31,11718.81,11829.84,11697.42,11775.46,11775.46,3596980000.0
2020-09-01,11850.96,11945.72,11794.78,11939.67,11939.67,3480780000.0
2020-09-02,12047.26,12074.06,11836.18,12056.44,12056.44,3966140000.0
2020-09-03,11861.9,11894.4,11361.36,11458.1,11458.1,4437500000.0
2020-09-04,11396.24,11531.18,10875.87,11313.13,11313.13,4269190000.0
2020-09-08,10900.7,11131.5,10837.2,10847.69,10847.69,3872230000.0
2020-09-09,11064.76,11217.69,10970.45,11141.56,11141.56,3531780000.0
2020-09-10,11235.53,11299.53,10875.02,10919.59,10919.59,3814100000.0
2020-09-11,11010.07,11033.04,10728.03,10853.55,10853.55,3609190000.0
2020-09-14,11010.14,11118.29,10982.26,11056.65,11056.65,3716820000.0
2020-09-15,11193.96,11244.46,11127.98,11190.32,11190.32,3772820000.0
2020-09-16,11222.08,11245.42,11046.43,11050.47,11050.47,3661710000.0
2020-09-17,10796.05,10974.45,10783.81,10910.28,10910.28,3726750000.0
2020-09-18,10973.45,10977.68,10639.95,10793.28,10793.28,5745690000.0
2020-09-21,10610.14,10782.74,10519.49,10778.8,10778.8,3885200000.0
2020-09-22,10873.3,10979.65,10737.52,10963.64,10963.64,3492020000.0
2020-09-23,10950.82,10962.03,10612.91,10632.99,10632.99,4074600000.0
2020-09-24,10551.02,10799.55,10520.22,10672.27,10672.27,4080730000.0
2020-09-25,10680.46,10939.55,10639.98,10913.56,10913.56,3767230000.0
2020-09-28,11084.38,11120.79,11019.14,11117.53,11117.53,3562900000.0
2020-09-29,11109.0,11153.23,11065.63,11085.25,11085.25,3363870000.0
2020-09-30,11092.9,11277.96,11092.9,11167.51,11167.51,4228200000.0
2020-10-01,11291.99,11344.13,11240.53,11326.51,11326.51,3978100000.0
2020-10-02,11082.53,11244.87,11033.69,11075.02,11075.02,3715090000.0
2020-10-05,11169.11,11335.21,11162.52,11332.49,11332.49,3597940000.0
2020-10-06,11314.53,11392.41,11124.45,11154.6,11154.6,4360550000.0
2020-10-07,11271.68,11380.56,11258.35,11364.6,11364.6,3891460000.0
2020-10-08,11443.35,11448.23,11384.33,11420.98,11420.98,3486530000.0
2020-10-09,11487.6,11581.23,11476.66,11579.94,11579.94,3475620000.0
2020-10-12,11732.33,11965.54,11704.13,11876.26,11876.26,3862990000.0
2020-10-13,11901.76,11946.98,11821.83,11863.9,11863.9,3607730000.0
2020-10-14,11889.07,11939.92,11714.35,11768.73,11768.73,3393010000.0
2020-10-15,11559.88,11740.68,11559.1,11713.87,11713.87,3304490000.0
2020-10-16,11761.83,11827.42,11648.53,11671.56,11671.56,3156270000.0
2020-10-19,11732.34,11778.11,11454.57,11478.88,11478.88,3455430000.0
2020-10-20,11531.83,11632.89,11471.23,11516.49,11516.49,3483200000.0
2020-10-21,11530.39,11613.79,11476.08,11484.69,11484.69,3445520000.0
2020-10-22,11526.97,11548.77,11369.29,11506.01,11506.01,3414590000.0
2020-10-23,11536.01,11548.85,11434.86,11548.28,11548.28,3134240000.0
2020-10-26,11440.64,11545.63,11221.06,11358.94,11358.94,3186950000.0
2020-10-27,11409.34,11465.06,11361.86,11431.35,11431.35,3079530000.0
2020-10-28,11230.9,11249.95,10999.07,11004.87,11004.87,3912580000.0
2020-10-29,11064.47,11287.63,11030.19,11185.59,11185.59,3222460000.0
2020-10-30,11103.47,11129.81,10822.57,10911.59,10911.59,3662840000.0
2020-11-02,11010.45,11071.08,10830.95,10957.61,10957.61,3196720000.0
2020-11-03,11038.66,11213.92,11004.84,11160.57,11160.57,3190710000.0
2020-11-04,11443.77,11663.31,11394.21,11590.78,11590.78,3606820000.0
2020-11-05,11816.33,11924.28,11784.15,11890.93,11890.93,3823380000.0
2020-11-06,11869.9,11920.54,11737.13,11895.23,11895.23,4156030000.0
2020-11-09,12046.66,12108.07,11703.49,11713.78,11713.78,5823620000.0
2020-11-10,11622.44,11665.87,11424.61,11553.86,11553.86,4712950000.0
2020-11-11,11656.65,11793.57,11638.9,11786.43,11786.43,3823270000.0
2020-11-12,11802.5,11847.84,11666.37,11709.59,11709.59,3862690000.0
2020-11-13,11794.94,11849.79,11715.52,11829.29,11829.29,3640680000.0
2020-11-16,11847.11,11937.72,11814.89,11924.13,11924.13,4138920000.0
2020-11-17,11913.35,11950.18,11852.41,11899.34,11899.34,4122770000.0
2020-11-18,11896.06,11942.49,11799.96,11801.6,11801.6,4699160000.0
2020-11-19,11779.04,11912.63,11760.98,11904.71,11904.71,5322580000.0
2020-11-20,11892.7,11935.47,11852.51,11854.97,11854.97,5319340000.0
2020-11-23,11916.76,11949.33,11796.53,11880.63,11880.63,5360830000.0
2020-11-24,11939.33,12049.88,11863.45,12036.79,12036.79,6277790000.0
2020-11-25,12053.89,12114.77,12020.95,12094.4,12094.4,4425030000.0
2020-11-27,12159.18,12236.23,12154.57,12205.85,12205.85,3401890000.0
2020-11-30,12224.25,12244.65,12027.16,12198.74,12198.74,7693430000.0
2020-12-01,12313.36,12405.79,12263.93,12355.11,12355.11,6467180000.0
2020-12-02,12285.75,12360.06,12217.35,12349.37,12349.37,5150820000.0
2020-12-03,12369.26,12439.02,12356.99,12377.18,12377.18,5182100000.0
2020-12-04,12399.32,12464.23,12376.44,12464.23,12464.23,5044210000.0
2020-12-07,12461.0,12536.23,12460.55,12519.95,12519.95,4741690000.0
2020-12-08,12503.17,12594.54,12453.21,12582.77,12582.77,4758170000.0
2020-12-09,12591.69,12607.14,12290.78,12338.95,12338.95,5131720000.0
2020-12-10,12247.55,12431.56,12214.74,12405.81,12405.81,4470060000.0
2020-12-11,12336.79,12383.5,12246.77,12377.87,12377.87,4268140000.0
2020-12-14,12447.44,12543.0,12432.71,12440.04,12440.04,4458140000.0
2020-12-15,12543.26,12596.13,12465.42,12595.06,12595.06,4377950000.0
2020-12-16,12611.04,12687.32,12566.38,12658.19,12658.19,4561600000.0
2020-12-17,12730.78,12765.25,12696.35,12764.75,12764.75,4994090000.0
2020-12-18,12804.93,12809.6,12654.6,12755.64,12755.64,7088670000.0
2020-12-21,12596.14,12751.27,12525.22,12742.52,12742.52,5156470000.0
2020-12-22,12785.22,12840.57,12695.31,12807.92,12807.92,5700760000.0
2020-12-23,12834.94,12841.92,12758.67,12771.11,12771.11,7028650000.0
2020-12-24,12791.54,12833.55,12767.64,12804.73,12804.73,3305950000.0
2020-12-28,12914.64,12930.89,12827.45,12899.42,12899.42,5076340000.0
2020-12-29,12965.39,12973.33,12821.96,12850.22,12850.22,4680780000.0
2020-12-30,12906.51,12924.93,12857.76,12870.0,12870.0,5292210000.0
2020-12-31,12877.09,12902.07,12821.23,12888.28,12888.28,4771390000.0
2021-01-04,12958.52,12958.72,12543.24,12698.45,12698.45,6546740000.0
2021-01-05,12665.65,12828.27,12665.65,12818.96,12818.96,6904420000.0
2021-01-06,12666.15,12909.63,12649.99,12740.79,12740.79,7648340000.0
2021-01-07,12867.34,13090.91,12867.34,13067.48,13067.48,6777010000.0
2021-01-08,13160.22,13208.09,13036.55,13201.98,13201.98,7223660000.0
2021-01-11,13048.78,13138.27,12999.51,13036.43,13036.43,6876420000.0
2021-01-12,13062.06,13105.04,12963.92,13072.43,13072.43,7181380000.0
2021-01-13,13088.01,13171.15,13051.06,13128.95,13128.95,7072920000.0
2021-01-14,13174.75,13220.16,13098.41,13112.64,13112.64,6671090000.0
2021-01-15,13099.9,13139.83,12949.76,12998.5,12998.5,6402970000.0
2021-01-19,13132.73,13206.86,13078.7,13197.18,13197.18,6229100000.0
2021-01-20,13342.55,13486.13,13329.77,13457.25,13457.25,6771630000.0
2021-01-21,13521.48,13560.35,13454.07,13530.91,13530.91,7183390000.0
2021-01-22,13474.81,13567.14,13463.66,13543.06,13543.06,5931240000.0
2021-01-25,13681.21,13728.98,13368.68,13635.99,13635.99,7139410000.0
2021-01-26,13681.72,13702.69,13603.19,13626.06,13626.06,6781460000.0
2021-01-27,13486.58,13538.42,13192.91,13270.6,13270.6,11102160000.0
2021-01-28,13323.29,13507.64,13316.52,13337.16,13337.16,9823150000.0
2021-01-29,13284.72,13322.0,12985.05,13070.69,13070.69,7809670000.0
2021-02-01,13226.18,13431.46,13132.47,13403.39,13403.39,7014220000.0
2021-02-02,13543.1,13652.7,13535.86,13612.78,13612.78,7240220000.0
2021-02-03,13718.31,13723.83,13585.34,13610.54,13610.54,7465240000.0
2021-02-04,13674.06,13778.42,13631.62,13777.74,13777.74,7218680000.0
2021-02-05,13824.88,13878.16,13761.66,13856.3,13856.3,6697720000.0
2021-02-08,13937.06,13987.74,13894.15,13987.64,13987.64,8439940000.0
2021-02-09,13966.82,14044.95,13966.55,14007.7,14007.7,8658980000.0
2021-02-10,14093.35,14109.12,13845.47,13972.53,13972.53,10165550000.0
2021-02-11,14045.21,14058.91,13916.85,14025.77,14025.77,10000200000.0
2021-02-12,13979.21,14102.04,13937.71,14095.47,14095.47,7352960000.0
2021-02-16,14152.21,14175.12,13995.45,14047.5,14047.5,7646300000.0
2021-02-17,13911.65,13976.43,13804.26,13965.49,13965.49,7227140000.0
2021-02-18,13814.67,13905.96,13714.35,13865.36,13865.36,6454280000.0
2021-02-19,13929.2,13985.58,13842.6,13874.46,13874.46,6686060000.0
2021-02-22,13714.2,13757.06,13530.96,13533.05,13533.05,6435100000.0
2021-02-23,13262.61,13526.09,13003.98,13465.2,13465.2,7482840000.0
2021-02-24,13400.25,13607.36,13286.59,13597.97,13597.97,5793430000.0
2021-02-25,13512.64,13602.86,13066.38,13119.43,13119.43,6335240000.0
2021-02-26,13232.9,13368.06,13024.53,13192.35,13192.35,5883880000.0
2021-03-01,13406.16,13596.59,13362.66,13588.83,13588.83,5047710000.0
2021-03-02,13599.45,13601.33,13352.0,13358.79,13358.79,4920320000.0
2021-03-03,13336.25,13372.52,12995.07,12997.75,12997.75,5493960000.0
2021-03-04,12953.99,13068.71,12553.96,12723.47,12723.47,7799710000.0
2021-03-05,12860.04,12941.21,12397.05,12920.15,12920.15,7696900000.0
2021-03-08,12904.26,13001.0,12599.23,12609.16,12609.16,5971260000.0
2021-03-09,12923.07,13151.54,12882.49,13073.82,13073.82,6294910000.0
2021-03-10,13234.73,13277.11,13035.44,13068.83,13068.83,5991730000.0
2021-03-11,13273.31,13433.62,13246.33,13398.67,13398.67,5956260000.0
2021-03-12,13222.81,13324.69,13158.72,13319.86,13319.86,5472340000.0
2021-03-15,13323.47,13460.35,13272.5,13459.71,13459.71,5933440000.0
2021-03-16,13523.17,13620.71,13397.08,13471.57,13471.57,5463770000.0
2021-03-17,13336.91,13595.0,13272.69,13525.2,13525.2,5465500000.0
2021-03-18,13349.2,13384.46,13101.92,13116.17,13116.17,5699900000.0
2021-03-19,13119.9,13252.37,13039.45,13215.24,13215.24,7591530000.0
2021-03-22,13278.78,13455.64,13278.78,13377.54,13377.54,5302770000.0
2021-03-23,13381.43,13405.15,13202.43,13227.7,13227.7,5607860000.0
2021-03-24,13289.24,13292.92,12961.35,12961.89,12961.89,6184470000.0
2021-03-25,12844.58,13021.86,12786.81,12977.68,12977.68,5608640000.0
2021-03-26,12996.03,13149.55,12878.72,13138.73,13138.73,5195330000.0
2021-03-29,13103.97,13143.41,12968.16,13059.65,13059.65,4934000000.0
2021-03-30,13008.8,13075.75,12922.57,13045.39,13045.39,4685320000.0
2021-03-31,13122.57,13325.54,13118.38,13246.87,13246.87,4980670000.0
2021-04-01,13414.32,13487.08,13404.18,13480.11,13480.11,4553470000.0
2021-04-05,13594.9,13720.58,13582.76,13705.59,13705.59,4439970000.0
2021-04-06,13681.67,13776.71,13674.28,13698.38,13698.38,4038510000.0
2021-04-07,13675.3,13733.03,13653.59,13688.84,13688.84,4078990000.0
2021-04-08,13796.89,13830.14,13758.71,13829.31,13829.31,4133640000.0
2021-04-09,13787.02,13905.41,13748.35,13900.19,13900.19,3906460000.0
2021-04-12,13854.44,13877.0,13783.95,13850.0,13850.0,4230160000.0
2021-04-13,13902.45,14011.51,13902.45,13996.1,13996.1,4200290000.0
2021-04-14,14004.08,14033.63,13839.04,13857.84,13857.84,4102380000.0
2021-04-15,13983.23,14049.13,13970.42,14038.76,14038.76,4382620000.0
2021-04-16,14059.11,14062.5,13977.05,14052.34,14052.34,4414640000.0
2021-04-19,13984.58,14041.79,13842.57,13914.77,13914.77,4349340000.0
2021-04-20,13894.46,13927.67,13698.67,13786.27,13786.27,4229410000.0
2021-04-21,13745.77,13951.35,13706.86,13950.22,13950.22,3967090000.0
2021-04-22,13952.57,14015.87,13771.04,13818.41,13818.41,4397030000.0
2021-04-23,13861.37,14062.74,13856.83,14016.81,14016.81,4332500000.0
2021-04-26,14052.38,14154.03,14019.5,14138.78,14138.78,4479480000.0
2021-04-27,14170.91,14171.24,14064.28,14090.22,14090.22,4665430000.0
2021-04-28,14082.78,14133.65,14034.7,14051.03,14051.03,4532050000.0
2021-04-29,14204.51,14211.57,13952.8,14082.55,14082.55,4854340000.0
2021-04-30,13970.73,14084.76,13941.63,13962.68,13962.68,4762770000.0
2021-05-03,14031.77,14042.12,13881.51,13895.12,13895.12,4718850000.0
2021-05-04,13774.51,13795.57,13485.59,13633.5,13633.5,5852850000.0
2021-05-05,13731.13,13753.05,13553.93,13582.42,13582.42,4517100000.0
2021-05-06,13557.83,13635.73,13439.39,13632.84,13632.84,5000710000.0
2021-05-07,13723.09,13828.62,13690.75,13752.24,13752.24,4376800000.0
2021-05-10,13687.59,13687.93,13401.74,13401.86,13401.86,4795690000.0
2021-05-11,13115.85,13423.31,13107.67,13389.43,13389.43,4719720000.0
2021-05-12,13215.49,13288.61,13002.54,13031.68,13031.68,4730740000.0
2021-05-13,13150.94,13247.87,13007.24,13124.99,13124.99,4681530000.0
2021-05-14,13255.65,13460.88,13242.97,13429.98,13429.98,4008110000.0
2021-05-17,13368.8,13399.17,13265.4,13379.05,13379.05,3980630000.0
2021-05-18,13416.9,13485.34,13299.93,13303.64,13303.64,4283680000.0
2021-05-19,13078.19,13304.61,13072.23,13299.74,13299.74,4314980000.0
2021-05-20,13356.63,13563.52,13355.71,13535.74,13535.74,3972730000.0
2021-05-21,13616.19,13616.58,13463.26,13470.99,13470.99,3704590000.0
2021-05-24,13557.21,13708.85,13551.01,13661.17,13661.17,3490650000.0
2021-05-25,13721.54,13751.14,13631.8,13657.17,13657.17,4084480000.0
2021-05-26,13693.94,13750.16,13679.59,13738.0,13738.0,4231140000.0
2021-05-27,13742.59,13776.52,13701.63,13736.28,13736.28,5057550000.0
2021-05-28,13792.05,13820.87,13747.61,13748.74,13748.74,4435220000.0
2021-06-01,13829.06,13836.17,13678.77,13736.48,13736.48,4155670000.0
2021-06-02,13743.24,13775.89,13689.74,13756.33,13756.33,5059810000.0
2021-06-03,13655.75,13684.13,13548.93,13614.51,13614.51,5367460000.0
2021-06-04,13697.25,13826.82,13692.01,13814.49,13814.49,4341800000.0
2021-06-07,13802.82,13889.11,13784.89,13881.72,13881.72,4602940000.0
2021-06-08,13946.32,13981.72,13831.98,13924.91,13924.91,5894140000.0
2021-06-09,13980.23,14003.5,13906.45,13911.75,13911.75,5607720000.0
2021-06-10,13933.88,14031.19,13904.4,14020.33,14020.33,4889500000.0
2021-06-11,14030.85,14069.42,14006.59,14069.42,14069.42,4140190000.0
2021-06-14,14083.47,14175.45,14056.67,14174.14,14174.14,4394380000.0
2021-06-15,14166.64,14171.02,14052.16,14072.86,14072.86,4517770000.0
2021-06-16,14085.55,14129.69,13903.73,14039.68,14039.68,4632480000.0
2021-06-17,13999.13,14196.21,13998.93,14161.35,14161.35,4526780000.0
2021-06-18,14096.93,14129.22,14009.04,14030.38,14030.38,6105960000.0
2021-06-21,14047.42,14150.78,13960.04,14141.48,14141.48,4523120000.0
2021-06-22,14138.29,14269.77,14121.0,14253.27,14253.27,4405260000.0
2021-06-23,14263.38,14317.66,14246.3,14271.73,14271.73,4394600000.0
2021-06-24,14357.27,14414.46,14333.7,14369.71,14369.71,4297280000.0
2021-06-25,14400.81,14409.08,14337.65,14360.39,14360.39,7436800000.0
2021-06-28,14417.81,14505.19,14417.2,14500.51,14500.51,4235620000.0
2021-06-29,14509.19,14535.97,14471.38,14528.33,14528.33,4842860000.0
2021-06-30,14509.85,14526.81,14478.06,14503.95,14503.95,5264790000.0
2021-07-01,14493.69,14533.55,14439.4,14522.38,14522.38,4371620000.0
2021-07-02,14582.98,14649.11,14555.34,14639.33,14639.33,3731730000.0
2021-07-06,14661.55,14687.0,14529.8,14663.64,14663.64,4464780000.0
2021-07-07,14753.41,14755.33,14580.79,14665.06,14665.06,4582030000.0
2021-07-08,14409.2,14610.06,14371.59,14559.78,14559.78,4550600000.0
2021-07-09,14578.43,14710.2,14552.26,14701.92,14701.92,3809040000.0
2021-07-12,14743.86,14761.08,14672.63,14733.24,14733.24,3864500000.0
2021-07-13,14715.13,14803.68,14660.19,14677.65,14677.65,4553380000.0
2021-07-14,14780.9,14790.55,14632.95,14644.95,14644.95,4461730000.0
2021-07-15,14635.78,14650.37,14451.8,14543.13,14543.13,4493540000.0
2021-07-16,14597.51,14623.02,14413.32,14427.24,14427.24,4048940000.0
2021-07-19,14235.98,14313.6,14178.66,14274.98,14274.98,4507040000.0
2021-07-20,14330.46,14555.75,14271.23,14498.88,14498.88,4618980000.0
2021-07-21,14508.75,14633.14,14498.65,14631.95,14631.95,4075150000.0
2021-07-22,14652.72,14694.19,14617.87,14684.6,14684.6,3574560000.0
2021-07-23,14753.06,14846.06,14698.77,14836.99,14836.99,3959410000.0
2021-07-26,14821.03,14863.65,14790.49,14840.71,14840.71,4409960000.0
2021-07-27,14807.95,14811.08,14503.76,14660.58,14660.58,4300000000.0
2021-07-28,14715.66,14798.88,14645.63,14762.58,14762.58,4235390000.0
2021-07-29,14771.17,14833.74,14761.38,14778.26,14778.26,3904590000.0
2021-07-30,14615.85,14728.78,14615.85,14672.68,14672.68,3628750000.0
2021-08-02,14758.6,14770.41,14665.67,14681.07,14681.07,3738200000.0
2021-08-03,14713.99,14762.6,14584.09,14761.29,14761.29,4117520000.0
2021-08-04,14747.21,14812.37,14734.12,14780.53,14780.53,4319400000.0
2021-08-05,14794.08,14896.47,14776.03,14895.12,14895.12,4087320000.0
2021-08-06,14864.22,14890.18,14788.59,14835.76,14835.76,4159050000.0
2021-08-09,14855.76,14883.81,14802.69,14860.18,14860.18,4095760000.0
2021-08-10,14887.75,14894.61,14754.48,14788.09,14788.09,3978790000.0
2021-08-11,14834.38,14842.5,14692.41,14765.14,14765.14,3980530000.0
2021-08-12,14751.36,14824.31,14698.94,14816.26,14816.26,4020260000.0
2021-08-13,14825.07,14850.61,14797.22,14822.9,14822.9,4038130000.0
2021-08-16,14771.53,14794.68,14610.02,14793.76,14793.76,3953840000.0
2021-08-17,14670.56,14716.95,14550.88,14656.18,14656.18,4151190000.0
2021-08-18,14636.24,14697.25,14516.3,14525.91,14525.91,3814120000.0
2021-08-19,14423.16,14610.76,14423.16,14541.79,14541.79,4172870000.0
2021-08-20,14571.53,14722.16,14571.53,14714.66,14714.66,3864780000.0
2021-08-23,14776.98,14963.47,14776.98,14942.65,14942.65,3893990000.0
2021-08-24,14978.14,15034.89,14965.54,15019.8,15019.8,3792870000.0
2021-08-25,15039.03,15059.43,15011.58,15041.86,15041.86,3629990000.0
2021-08-26,15025.17,15059.63,14939.56,14945.81,14945.81,3610970000.0
2021-08-27,14969.77,15144.48,14966.52,15129.5,15129.5,4006310000.0
2021-08-30,15165.94,15288.08,15165.12,15265.89,15265.89,4034110000.0
2021-08-31,15262.88,15278.96,15202.67,15259.24,15259.24,4170170000.0
2021-09-01,15308.98,15379.5,15302.11,15309.38,15309.38,4248030000.0
2021-09-02,15358.47,15380.07,15285.35,15331.18,15331.18,4018120000.0
2021-09-03,15313.41,15375.56,15283.67,15363.52,15363.52,3692170000.0
2021-09-07,15375.98,15403.44,15343.28,15374.33,15374.33,3967040000.0
2021-09-08,15360.35,15360.35,15206.61,15286.64,15286.64,4113530000.0
2021-09-09,15296.06,15352.38,15245.17,15248.25,15248.25,3997250000.0
